UniqueId,Version,Training,Failed,Condition,Trial,Response,Recording,Comments
082118_CaraCara_384,EC,1b3y,1,B,2,3b5y,321,NA
082118_CaraCara_384,EC,1b3y,1,B,4,2b2y,321,NA
082118_CaraCara_384,EC,1b3y,1,B,12,2b6y,321,NA
082118_CaraCara_384,EC,1b3y,1,B,9,3b13y,321,NA
082118_CaraCara_384,EC,1b3y,1,B,11,2b14y,321,NA
082118_CaraCara_384,EC,1b3y,1,B,13,9b7y,321,NA
082118_CaraCara_384,EC,1b3y,1,B,5,4b4y,321,NA
082118_CaraCara_384,EC,1b3y,1,B,15,10b6y,321,NA
082118_CaraCara_384,EC,1b3y,1,B,3,7b9y,321,NA
082118_CaraCara_384,EC,1b3y,1,B,8,1b7y,321,NA
082118_CaraCara_384,EC,1b3y,1,B,7,1b3y,321,NA
082118_CaraCara_384,EC,1b3y,1,B,14,2b14y,321,NA
082118_CaraCara_384,EC,1b3y,1,B,10,2b6y,321,NA
082118_CaraCara_384,EC,1b3y,1,B,6,6b10y,321,NA
082118_CaraCara_384,EC,1b3y,1,B,1,1b3y,321,NA
082118_CaraCara_385,EC,1b3y,2,Y,14,9y7b,322,NA
082118_CaraCara_385,EC,1b3y,2,Y,11,2y14b,322,NA
082118_CaraCara_385,EC,1b3y,2,Y,9,3y13b,322,NA
082118_CaraCara_385,EC,1b3y,2,Y,10,2y6b,322,NA
082118_CaraCara_385,EC,1b3y,2,Y,15,5y11b,322,NA
082118_CaraCara_385,EC,1b3y,2,Y,4,2y2b,322,NA
082118_CaraCara_385,EC,1b3y,2,Y,1,1y3b,322,NA
082118_CaraCara_385,EC,1b3y,2,Y,8,2y6b,322,NA
082118_CaraCara_385,EC,1b3y,2,Y,3,7y9b,322,NA
082118_CaraCara_385,EC,1b3y,2,Y,13,6y10b,322,NA
082118_CaraCara_385,EC,1b3y,2,Y,12,3y5b,322,NA
082118_CaraCara_385,EC,1b3y,2,Y,2,4y4b,322,NA
082118_CaraCara_385,EC,1b3y,2,Y,6,8y8b,322,NA
082118_CaraCara_385,EC,1b3y,2,Y,5,2y6b,322,NA
082118_CaraCara_385,EC,1b3y,2,Y,7,1y3b,322,NA
082118_CaraCara_386,EC,3b1y,0,B,5,2b6y,323,NA
082118_CaraCara_386,EC,3b1y,0,B,13,9b7y,323,NA
082118_CaraCara_386,EC,3b1y,0,B,3,7b9y,323,NA
082118_CaraCara_386,EC,3b1y,0,B,12,3b5y,323,NA
082118_CaraCara_386,EC,3b1y,0,B,14,9b7y,323,NA
082118_CaraCara_386,EC,3b1y,0,B,7,1b3y,323,NA
082118_CaraCara_386,EC,3b1y,0,B,15,10b6y,323,NA
082118_CaraCara_386,EC,3b1y,0,B,8,2b6y,323,NA
082118_CaraCara_386,EC,3b1y,0,B,6,8b8y,323,NA
082118_CaraCara_386,EC,3b1y,0,B,11,4b12y,323,NA
082118_CaraCara_386,EC,3b1y,0,B,2,4b4y,323,NA
082118_CaraCara_386,EC,3b1y,0,B,1,2b2y,323,NA
082118_CaraCara_386,EC,3b1y,0,B,9,4b12y,323,NA
082118_CaraCara_386,EC,3b1y,0,B,4,2b2y,323,NA
082118_CaraCara_386,EC,3b1y,0,B,10,2b6y,323,NA
082118_CaraCara_387,EC,3b1y,1,Y,7,1y3b,324,NA
082118_CaraCara_387,EC,3b1y,1,Y,12,2y6b,324,NA
082118_CaraCara_387,EC,3b1y,1,Y,1,1y3b,324,NA
082118_CaraCara_387,EC,3b1y,1,Y,14,2y14b,324,NA
082118_CaraCara_387,EC,3b1y,1,Y,11,2y14b,324,NA
082118_CaraCara_387,EC,3b1y,1,Y,2,3y5b,324,NA
082118_CaraCara_387,EC,3b1y,1,Y,15,5y11b,324,NA
082118_CaraCara_387,EC,3b1y,1,Y,4,2y2b,324,NA
082118_CaraCara_387,EC,3b1y,1,Y,10,2y6b,324,NA
082118_CaraCara_387,EC,3b1y,1,Y,3,7y9b,324,NA
082118_CaraCara_387,EC,3b1y,1,Y,5,2y6b,324,NA
082118_CaraCara_387,EC,3b1y,1,Y,9,3y13b,324,NA
082118_CaraCara_387,EC,3b1y,1,Y,8,1y7b,324,NA
082118_CaraCara_387,EC,3b1y,1,Y,13,6y10b,324,NA
082118_CaraCara_387,EC,3b1y,1,Y,6,6y10b,324,NA
082118_CaraCara_388,EC,3b3y,1,B,11,4b12y,325,NA
082118_CaraCara_388,EC,3b3y,1,B,2,3b5y,325,NA
082118_CaraCara_388,EC,3b3y,1,B,13,6b10y,325,NA
082118_CaraCara_388,EC,3b3y,1,B,5,4b4y,325,NA
082118_CaraCara_388,EC,3b3y,1,B,12,3b5y,325,NA
082118_CaraCara_388,EC,3b3y,1,B,4,2b2y,325,NA
082118_CaraCara_388,EC,3b3y,1,B,9,3b13y,325,NA
082118_CaraCara_388,EC,3b3y,1,B,7,1b3y,325,NA
082118_CaraCara_388,EC,3b3y,1,B,3,8b8y,325,NA
082118_CaraCara_388,EC,3b3y,1,B,15,10b6y,325,NA
082118_CaraCara_388,EC,3b3y,1,B,10,2b6y,325,NA
082118_CaraCara_388,EC,3b3y,1,B,6,6b10y,325,NA
082118_CaraCara_388,EC,3b3y,1,B,1,1b3y,325,NA
082118_CaraCara_388,EC,3b3y,1,B,8,1b7y,325,NA
082118_CaraCara_388,EC,3b3y,1,B,14,9b7y,325,NA
082118_CaraCara_389,EC,3b3y,2,Y,14,9y7b,326,NA
082118_CaraCara_389,EC,3b3y,2,Y,1,1y3b,326,NA
082118_CaraCara_389,EC,3b3y,2,Y,12,3y5b,326,NA
082118_CaraCara_389,EC,3b3y,2,Y,5,4y4b,326,NA
082118_CaraCara_389,EC,3b3y,2,Y,2,4y4b,326,NA
082118_CaraCara_389,EC,3b3y,2,Y,15,5y11b,326,NA
082118_CaraCara_389,EC,3b3y,2,Y,3,8y8b,326,NA
082118_CaraCara_389,EC,3b3y,2,Y,11,4y12b,326,NA
082118_CaraCara_389,EC,3b3y,2,Y,6,8y8b,326,NA
082118_CaraCara_389,EC,3b3y,2,Y,4,2y2b,326,NA
082118_CaraCara_389,EC,3b3y,2,Y,10,2y6b,326,NA
082118_CaraCara_389,EC,3b3y,2,Y,9,4y12b,326,NA
082118_CaraCara_389,EC,3b3y,2,Y,13,6y10b,326,NA
082118_CaraCara_389,EC,3b3y,2,Y,7,1y3b,326,NA
082118_CaraCara_389,EC,3b3y,2,Y,8,1y7b,326,NA
082118_CaraCara_390,EC,3b3y,0,B,2,4b4y,327,NA
082118_CaraCara_390,EC,3b3y,0,B,8,2b6y,327,NA
082118_CaraCara_390,EC,3b3y,0,B,11,4b12y,327,NA
082118_CaraCara_390,EC,3b3y,0,B,7,1b3y,327,NA
082118_CaraCara_390,EC,3b3y,0,B,3,8b8y,327,NA
082118_CaraCara_390,EC,3b3y,0,B,1,2b2y,327,NA
082118_CaraCara_390,EC,3b3y,0,B,10,2b6y,327,NA
082118_CaraCara_390,EC,3b3y,0,B,13,9b7y,327,NA
082118_CaraCara_390,EC,3b3y,0,B,9,4b12y,327,NA
082118_CaraCara_390,EC,3b3y,0,B,14,9b7y,327,NA
082118_CaraCara_390,EC,3b3y,0,B,5,4b4y,327,NA
082118_CaraCara_390,EC,3b3y,0,B,6,8b8y,327,NA
082118_CaraCara_390,EC,3b3y,0,B,12,3b5y,327,NA
082118_CaraCara_390,EC,3b3y,0,B,4,2b2y,327,NA
082118_CaraCara_390,EC,3b3y,0,B,15,10b6y,327,NA
082118_CaraCara_391,EC,3b3y,1,Y,10,2y6b,328,NA
082118_CaraCara_391,EC,3b3y,1,Y,8,2y6b,328,NA
082118_CaraCara_391,EC,3b3y,1,Y,7,1y3b,328,NA
082118_CaraCara_391,EC,3b3y,1,Y,12,3y5b,328,NA
082118_CaraCara_391,EC,3b3y,1,Y,13,6y10b,328,NA
082118_CaraCara_391,EC,3b3y,1,Y,14,9y7b,328,NA
082118_CaraCara_391,EC,3b3y,1,Y,4,0y4b,328,NA
082118_CaraCara_391,EC,3b3y,1,Y,3,8y8b,328,NA
082118_CaraCara_391,EC,3b3y,1,Y,1,1y3b,328,NA
082118_CaraCara_391,EC,3b3y,1,Y,9,3y13b,328,NA
082118_CaraCara_391,EC,3b3y,1,Y,11,4y12b,328,NA
082118_CaraCara_391,EC,3b3y,1,Y,5,4y4b,328,NA
082118_CaraCara_391,EC,3b3y,1,Y,2,4y4b,328,NA
082118_CaraCara_391,EC,3b3y,1,Y,15,5y11b,328,NA
082118_CaraCara_391,EC,3b3y,1,Y,6,8y8b,328,NA
082118_CaraCara_392,EC,1b3y,0,B,11,2b14y,329,NA
082118_CaraCara_392,EC,1b3y,0,B,1,1b3y,329,NA
082118_CaraCara_392,EC,1b3y,0,B,15,5b11y,329,NA
082118_CaraCara_392,EC,1b3y,0,B,8,2b6y,329,NA
082118_CaraCara_392,EC,1b3y,0,B,14,2b14y,329,NA
082118_CaraCara_392,EC,1b3y,0,B,5,2b6y,329,NA
082118_CaraCara_392,EC,1b3y,0,B,3,7b9y,329,NA
082118_CaraCara_392,EC,1b3y,0,B,10,0b8y,329,NA
082118_CaraCara_392,EC,1b3y,0,B,7,1b3y,329,NA
082118_CaraCara_392,EC,1b3y,0,B,6,6b10y,329,NA
082118_CaraCara_392,EC,1b3y,0,B,2,3b5y,329,NA
082118_CaraCara_392,EC,1b3y,0,B,13,9b7y,329,NA
082118_CaraCara_392,EC,1b3y,0,B,4,0b4y,329,NA
082118_CaraCara_392,EC,1b3y,0,B,12,3b5y,329,NA
082118_CaraCara_392,EC,1b3y,0,B,9,3b13y,329,NA
082118_CaraCara_393,EC,1b3y,5,Y,13,9y7b,330,NA
082118_CaraCara_393,EC,1b3y,5,Y,12,3y5b,330,NA
082118_CaraCara_393,EC,1b3y,5,Y,5,4y4b,330,NA
082118_CaraCara_393,EC,1b3y,5,Y,14,9y7b,330,NA
082118_CaraCara_393,EC,1b3y,5,Y,4,2y2b,330,NA
082118_CaraCara_393,EC,1b3y,5,Y,2,4y4b,330,NA
082118_CaraCara_393,EC,1b3y,5,Y,10,2y6b,330,NA
082118_CaraCara_393,EC,1b3y,5,Y,1,2y2b,330,NA
082118_CaraCara_393,EC,1b3y,5,Y,8,2y6b,330,NA
082118_CaraCara_393,EC,1b3y,5,Y,11,4y12b,330,NA
082118_CaraCara_393,EC,1b3y,5,Y,9,4y12b,330,NA
082118_CaraCara_393,EC,1b3y,5,Y,3,8y8b,330,NA
082118_CaraCara_393,EC,1b3y,5,Y,6,8y8b,330,NA
082118_CaraCara_393,EC,1b3y,5,Y,15,10y6b,330,NA
082118_CaraCara_393,EC,1b3y,5,Y,7,1y3b,330,NA
082118_CaraCara_394,EC,3b1y,2,B,2,4b4y,331,NA
082118_CaraCara_394,EC,3b1y,2,B,9,3b13y,331,NA
082118_CaraCara_394,EC,3b1y,2,B,13,9b7y,331,NA
082118_CaraCara_394,EC,3b1y,2,B,15,5b11y,331,NA
082118_CaraCara_394,EC,3b1y,2,B,5,2b6y,331,NA
082118_CaraCara_394,EC,3b1y,2,B,6,8b8y,331,NA
082118_CaraCara_394,EC,3b1y,2,B,4,2b2y,331,NA
082118_CaraCara_394,EC,3b1y,2,B,10,2b6y,331,NA
082118_CaraCara_394,EC,3b1y,2,B,11,2b14y,331,NA
082118_CaraCara_394,EC,3b1y,2,B,8,2b6y,331,NA
082118_CaraCara_394,EC,3b1y,2,B,12,3b5y,331,NA
082118_CaraCara_394,EC,3b1y,2,B,14,9b7y,331,NA
082118_CaraCara_394,EC,3b1y,2,B,3,7b9y,331,NA
082118_CaraCara_394,EC,3b1y,2,B,7,0b4y,331,NA
082118_CaraCara_394,EC,3b1y,2,B,1,1b3y,331,NA
082118_CaraCara_395,EC,3b1y,1,Y,12,2y6b,332,NA
082118_CaraCara_395,EC,3b1y,1,Y,6,6y10b,332,NA
082118_CaraCara_395,EC,3b1y,1,Y,13,6y10b,332,NA
082118_CaraCara_395,EC,3b1y,1,Y,15,10y6b,332,NA
082118_CaraCara_395,EC,3b1y,1,Y,1,1y3b,332,NA
082118_CaraCara_395,EC,3b1y,1,Y,9,4y12b,332,NA
082118_CaraCara_395,EC,3b1y,1,Y,8,1y7b,332,NA
082118_CaraCara_395,EC,3b1y,1,Y,14,9y7b,332,NA
082118_CaraCara_395,EC,3b1y,1,Y,11,4y12b,332,NA
082118_CaraCara_395,EC,3b1y,1,Y,4,2y2b,332,NA
082118_CaraCara_395,EC,3b1y,1,Y,7,0y4b,332,NA
082118_CaraCara_395,EC,3b1y,1,Y,2,3y5b,332,NA
082118_CaraCara_395,EC,3b1y,1,Y,10,0y8b,332,NA
082118_CaraCara_395,EC,3b1y,1,Y,5,2y6b,332,NA
082118_CaraCara_395,EC,3b1y,1,Y,3,8y8b,332,NA
082118_CaraCara_396,EC,1b3y,1,B,4,0b4y,333,NA
082118_CaraCara_396,EC,1b3y,1,B,14,9b7y,333,NA
082118_CaraCara_396,EC,1b3y,1,B,12,3b5y,333,NA
082118_CaraCara_396,EC,1b3y,1,B,8,2b6y,333,NA
082118_CaraCara_396,EC,1b3y,1,B,15,5b11y,333,NA
082118_CaraCara_396,EC,1b3y,1,B,1,1b3y,333,NA
082118_CaraCara_396,EC,1b3y,1,B,7,0b4y,333,NA
082118_CaraCara_396,EC,1b3y,1,B,10,2b6y,333,NA
082118_CaraCara_396,EC,1b3y,1,B,3,7b9y,333,NA
082118_CaraCara_396,EC,1b3y,1,B,11,2b14y,333,NA
082118_CaraCara_396,EC,1b3y,1,B,6,8b8y,333,NA
082118_CaraCara_396,EC,1b3y,1,B,5,2b6y,333,NA
082118_CaraCara_396,EC,1b3y,1,B,2,4b4y,333,NA
082118_CaraCara_396,EC,1b3y,1,B,9,3b13y,333,NA
082118_CaraCara_396,EC,1b3y,1,B,13,6b10y,333,NA
082118_CaraCara_397,EC,1b3y,1,Y,11,4y12b,334,NA
082118_CaraCara_397,EC,1b3y,1,Y,3,7y9b,334,NA
082118_CaraCara_397,EC,1b3y,1,Y,12,2y6b,334,NA
082118_CaraCara_397,EC,1b3y,1,Y,1,1y3b,334,NA
082118_CaraCara_397,EC,1b3y,1,Y,4,2y2b,334,NA
082118_CaraCara_397,EC,1b3y,1,Y,8,1y7b,334,NA
082118_CaraCara_397,EC,1b3y,1,Y,15,5y11b,334,NA
082118_CaraCara_397,EC,1b3y,1,Y,14,9y7b,334,NA
082118_CaraCara_397,EC,1b3y,1,Y,13,9y7b,334,NA
082118_CaraCara_397,EC,1b3y,1,Y,6,8y8b,334,NA
082118_CaraCara_397,EC,1b3y,1,Y,9,4y12b,334,NA
082118_CaraCara_397,EC,1b3y,1,Y,2,3y5b,334,NA
082118_CaraCara_397,EC,1b3y,1,Y,5,2y6b,334,NA
082118_CaraCara_397,EC,1b3y,1,Y,10,2y6b,334,NA
082118_CaraCara_397,EC,1b3y,1,Y,7,1y3b,334,NA
082118_CaraCara_398,EC,3b1y,1,B,15,5b11y,335,NA
082118_CaraCara_398,EC,3b1y,1,B,3,7b9y,335,NA
082118_CaraCara_398,EC,3b1y,1,B,8,2b6y,335,NA
082118_CaraCara_398,EC,3b1y,1,B,7,1b3y,335,NA
082118_CaraCara_398,EC,3b1y,1,B,1,1b3y,335,NA
082118_CaraCara_398,EC,3b1y,1,B,12,2b6y,335,NA
082118_CaraCara_398,EC,3b1y,1,B,4,2b2y,335,NA
082118_CaraCara_398,EC,3b1y,1,B,2,3b5y,335,NA
082118_CaraCara_398,EC,3b1y,1,B,10,2b6y,335,NA
082118_CaraCara_398,EC,3b1y,1,B,11,2b14y,335,NA
082118_CaraCara_398,EC,3b1y,1,B,14,2b14y,335,NA
082118_CaraCara_398,EC,3b1y,1,B,5,4b4y,335,NA
082118_CaraCara_398,EC,3b1y,1,B,9,3b13y,335,NA
082118_CaraCara_398,EC,3b1y,1,B,6,6b10y,335,NA
082118_CaraCara_398,EC,3b1y,1,B,13,6b10y,335,NA
082118_CaraCara_399,EC,3b1y,1,Y,14,9y7b,336,NA
082118_CaraCara_399,EC,3b1y,1,Y,11,4y12b,336,NA
082118_CaraCara_399,EC,3b1y,1,Y,2,4y4b,336,NA
082118_CaraCara_399,EC,3b1y,1,Y,10,2y6b,336,NA
082118_CaraCara_399,EC,3b1y,1,Y,5,4y4b,336,NA
082118_CaraCara_399,EC,3b1y,1,Y,12,3y5b,336,NA
082118_CaraCara_399,EC,3b1y,1,Y,6,8y8b,336,NA
082118_CaraCara_399,EC,3b1y,1,Y,8,2y6b,336,NA
082118_CaraCara_399,EC,3b1y,1,Y,1,2y2b,336,NA
082118_CaraCara_399,EC,3b1y,1,Y,9,4y12b,336,NA
082118_CaraCara_399,EC,3b1y,1,Y,13,9y7b,336,NA
082118_CaraCara_399,EC,3b1y,1,Y,3,8y8b,336,NA
082118_CaraCara_399,EC,3b1y,1,Y,4,2y2b,336,NA
082118_CaraCara_399,EC,3b1y,1,Y,15,10y6b,336,NA
082118_CaraCara_399,EC,3b1y,1,Y,7,1y3b,336,NA
082118_CaraCara_400,EC,3b3y,0,B,7,1b3y,337,NA
082118_CaraCara_400,EC,3b3y,0,B,14,9b7y,337,NA
082118_CaraCara_400,EC,3b3y,0,B,1,2b2y,337,NA
082118_CaraCara_400,EC,3b3y,0,B,3,7b9y,337,NA
082118_CaraCara_400,EC,3b3y,0,B,10,2b6y,337,NA
082118_CaraCara_400,EC,3b3y,0,B,2,3b5y,337,NA
082118_CaraCara_400,EC,3b3y,0,B,8,2b6y,337,NA
082118_CaraCara_400,EC,3b3y,0,B,6,8b8y,337,NA
082118_CaraCara_400,EC,3b3y,0,B,11,4b12y,337,NA
082118_CaraCara_400,EC,3b3y,0,B,12,3b5y,337,NA
082118_CaraCara_400,EC,3b3y,0,B,9,4b12y,337,NA
082118_CaraCara_400,EC,3b3y,0,B,13,6b10y,337,NA
082118_CaraCara_400,EC,3b3y,0,B,15,10b6y,337,NA
082118_CaraCara_400,EC,3b3y,0,B,4,2b2y,337,NA
082118_CaraCara_400,EC,3b3y,0,B,5,4b4y,337,NA
082118_CaraCara_401,EC,3b3y,2,Y,14,2y14b,338,NA
082118_CaraCara_401,EC,3b3y,2,Y,4,0y4b,338,NA
082118_CaraCara_401,EC,3b3y,2,Y,7,0y4b,338,NA
082118_CaraCara_401,EC,3b3y,2,Y,6,6y10b,338,NA
082118_CaraCara_401,EC,3b3y,2,Y,11,2y14b,338,NA
082118_CaraCara_401,EC,3b3y,2,Y,12,2y6b,338,NA
082118_CaraCara_401,EC,3b3y,2,Y,15,5y11b,338,NA
082118_CaraCara_401,EC,3b3y,2,Y,3,8y8b,338,NA
082118_CaraCara_401,EC,3b3y,2,Y,8,2y6b,338,NA
082118_CaraCara_401,EC,3b3y,2,Y,1,2y2b,338,NA
082118_CaraCara_401,EC,3b3y,2,Y,10,2y6b,338,NA
082118_CaraCara_401,EC,3b3y,2,Y,13,9y7b,338,NA
082118_CaraCara_401,EC,3b3y,2,Y,9,3y13b,338,NA
082118_CaraCara_401,EC,3b3y,2,Y,5,4y4b,338,NA
082118_CaraCara_401,EC,3b3y,2,Y,2,4y4b,338,NA
082118_CaraCara_402,EC,1b3y,0,B,15,10b6y,339,NA
082118_CaraCara_402,EC,1b3y,0,B,10,2b6y,339,NA
082118_CaraCara_402,EC,1b3y,0,B,8,1b7y,339,NA
082118_CaraCara_402,EC,1b3y,0,B,3,7b9y,339,NA
082118_CaraCara_402,EC,1b3y,0,B,1,2b2y,339,NA
082118_CaraCara_402,EC,1b3y,0,B,5,2b6y,339,NA
082118_CaraCara_402,EC,1b3y,0,B,14,9b7y,339,NA
082118_CaraCara_402,EC,1b3y,0,B,11,4b12y,339,NA
082118_CaraCara_402,EC,1b3y,0,B,12,3b5y,339,NA
082118_CaraCara_402,EC,1b3y,0,B,9,3b13y,339,NA
082118_CaraCara_402,EC,1b3y,0,B,2,3b5y,339,NA
082118_CaraCara_402,EC,1b3y,0,B,13,9b7y,339,NA
082118_CaraCara_402,EC,1b3y,0,B,4,2b2y,339,NA
082118_CaraCara_402,EC,1b3y,0,B,7,0b4y,339,NA
082118_CaraCara_402,EC,1b3y,0,B,6,6b10y,339,NA
082118_CaraCara_403,EC,1b3y,0,Y,10,2y6b,340,NA
082118_CaraCara_403,EC,1b3y,0,Y,9,4y12b,340,NA
082118_CaraCara_403,EC,1b3y,0,Y,14,9y7b,340,NA
082118_CaraCara_403,EC,1b3y,0,Y,15,5y11b,340,NA
082118_CaraCara_403,EC,1b3y,0,Y,13,9y7b,340,NA
082118_CaraCara_403,EC,1b3y,0,Y,8,1y7b,340,NA
082118_CaraCara_403,EC,1b3y,0,Y,2,4y4b,340,NA
082118_CaraCara_403,EC,1b3y,0,Y,1,1y3b,340,NA
082118_CaraCara_403,EC,1b3y,0,Y,7,1y3b,340,NA
082118_CaraCara_403,EC,1b3y,0,Y,6,6y10b,340,NA
082118_CaraCara_403,EC,1b3y,0,Y,4,2y2b,340,NA
082118_CaraCara_403,EC,1b3y,0,Y,5,4y4b,340,NA
082118_CaraCara_403,EC,1b3y,0,Y,3,8y8b,340,NA
082118_CaraCara_403,EC,1b3y,0,Y,11,4y12b,340,NA
082118_CaraCara_403,EC,1b3y,0,Y,12,3y5b,340,NA
082118_CaraCara_404,P,NA,5,B,9,3b13y,341,NA
082118_CaraCara_404,P,NA,5,B,2,3b5y,341,NA
082118_CaraCara_404,P,NA,5,B,3,7b9y,341,NA
082118_CaraCara_404,P,NA,5,B,15,10b6y,341,NA
082118_CaraCara_404,P,NA,5,B,10,2b6y,341,NA
082118_CaraCara_404,P,NA,5,B,8,1b7y,341,NA
082118_CaraCara_404,P,NA,5,B,13,6b10y,341,NA
082118_CaraCara_404,P,NA,5,B,4,2b2y,341,NA
082118_CaraCara_404,P,NA,5,B,7,1b3y,341,NA
082118_CaraCara_404,P,NA,5,B,1,1b3y,341,NA
082118_CaraCara_404,P,NA,5,B,6,6b10y,341,NA
082118_CaraCara_404,P,NA,5,B,11,2b14y,341,NA
082118_CaraCara_404,P,NA,5,B,12,3b5y,341,NA
082118_CaraCara_404,P,NA,5,B,5,2b6y,341,NA
082118_CaraCara_404,P,NA,5,B,14,9b7y,341,NA
082118_CaraCara_405,P,NA,1,Y,9,4y12b,342,Started with 2 trials from B
082118_CaraCara_405,P,NA,1,Y,2,3y5b,342,Started with 2 trials from B
082118_CaraCara_405,P,NA,1,Y,3,8y8b,342,Started with 2 trials from B
082118_CaraCara_405,P,NA,1,Y,15,10y6b,342,Started with 2 trials from B
082118_CaraCara_405,P,NA,1,Y,10,2y6b,342,Started with 2 trials from B
082118_CaraCara_405,P,NA,1,Y,8,2y6b,342,Started with 2 trials from B
082118_CaraCara_405,P,NA,1,Y,13,9y7b,342,Started with 2 trials from B
082118_CaraCara_405,P,NA,1,Y,4,2y2b,342,Started with 2 trials from B
082118_CaraCara_405,P,NA,1,Y,7,1y3b,342,Started with 2 trials from B
082118_CaraCara_405,P,NA,1,Y,1,2y2b,342,Started with 2 trials from B
082118_CaraCara_405,P,NA,1,Y,6,6y10b,342,Started with 2 trials from B
082118_CaraCara_405,P,NA,1,Y,11,4y12b,342,Started with 2 trials from B
082118_CaraCara_405,P,NA,1,Y,12,2y6b,342,Started with 2 trials from B
082118_CaraCara_405,P,NA,1,Y,14,2y14b,342,Started with 2 trials from B
082118_CaraCara_405,P,NA,1,Y,5,2y6b,342,Started with 2 trials from B
082118_CaraCara_406,P,NA,2,B,13,6b10y,343,NA
082118_CaraCara_406,P,NA,2,B,7,0b4y,343,NA
082118_CaraCara_406,P,NA,2,B,11,2b14y,343,NA
082118_CaraCara_406,P,NA,2,B,5,4b4y,343,NA
082118_CaraCara_406,P,NA,2,B,12,2b6y,343,NA
082118_CaraCara_406,P,NA,2,B,15,5b11y,343,NA
082118_CaraCara_406,P,NA,2,B,14,2b14y,343,NA
082118_CaraCara_406,P,NA,2,B,9,3b13y,343,NA
082118_CaraCara_406,P,NA,2,B,10,0b8y,343,NA
082118_CaraCara_406,P,NA,2,B,6,8b8y,343,NA
082118_CaraCara_406,P,NA,2,B,2,3b5y,343,NA
082118_CaraCara_406,P,NA,2,B,1,1b3y,343,NA
082118_CaraCara_406,P,NA,2,B,8,1b7y,343,NA
082118_CaraCara_406,P,NA,2,B,4,0b4y,343,NA
082118_CaraCara_406,P,NA,2,B,3,7b9y,343,NA
082118_CaraCara_407,P,NA,1,Y,13,6y10b,344,NA
082118_CaraCara_407,P,NA,1,Y,8,2y6b,344,NA
082118_CaraCara_407,P,NA,1,Y,10,2y6b,344,NA
082118_CaraCara_407,P,NA,1,Y,7,1y3b,344,NA
082118_CaraCara_407,P,NA,1,Y,1,2y2b,344,NA
082118_CaraCara_407,P,NA,1,Y,5,4y4b,344,NA
082118_CaraCara_407,P,NA,1,Y,4,2y2b,344,NA
082118_CaraCara_407,P,NA,1,Y,15,5y11b,344,NA
082118_CaraCara_407,P,NA,1,Y,3,7y9b,344,NA
082118_CaraCara_407,P,NA,1,Y,6,8y8b,344,NA
082118_CaraCara_407,P,NA,1,Y,2,4y4b,344,NA
082118_CaraCara_407,P,NA,1,Y,11,4y12b,344,NA
082118_CaraCara_407,P,NA,1,Y,9,4y12b,344,NA
082118_CaraCara_407,P,NA,1,Y,14,9y7b,344,NA
082118_CaraCara_407,P,NA,1,Y,12,3y5b,344,NA
082118_CaraCara_408,P,NA,0,B,15,10b6y,345,NA
082118_CaraCara_408,P,NA,0,B,5,4b4y,345,NA
082118_CaraCara_408,P,NA,0,B,8,2b6y,345,NA
082118_CaraCara_408,P,NA,0,B,14,9b7y,345,NA
082118_CaraCara_408,P,NA,0,B,3,7b9y,345,NA
082118_CaraCara_408,P,NA,0,B,6,6b10y,345,NA
082118_CaraCara_408,P,NA,0,B,1,1b3y,345,NA
082118_CaraCara_408,P,NA,0,B,12,3b5y,345,NA
082118_CaraCara_408,P,NA,0,B,10,2b6y,345,NA
082118_CaraCara_408,P,NA,0,B,11,2b14y,345,NA
082118_CaraCara_408,P,NA,0,B,9,3b13y,345,NA
082118_CaraCara_408,P,NA,0,B,7,0b4y,345,NA
082118_CaraCara_408,P,NA,0,B,2,4b4y,345,NA
082118_CaraCara_408,P,NA,0,B,4,2b2y,345,NA
082118_CaraCara_408,P,NA,0,B,13,6b10y,345,NA
082118_CaraCara_409,P,NA,2,Y,9,3y13b,346,NA
082118_CaraCara_409,P,NA,2,Y,10,0y8b,346,NA
082118_CaraCara_409,P,NA,2,Y,7,0y4b,346,NA
082118_CaraCara_409,P,NA,2,Y,13,9y7b,346,NA
082118_CaraCara_409,P,NA,2,Y,8,2y6b,346,NA
082118_CaraCara_409,P,NA,2,Y,15,10y6b,346,NA
082118_CaraCara_409,P,NA,2,Y,1,1y3b,346,NA
082118_CaraCara_409,P,NA,2,Y,2,3y5b,346,NA
082118_CaraCara_409,P,NA,2,Y,6,8y8b,346,NA
082118_CaraCara_409,P,NA,2,Y,12,2y6b,346,NA
082118_CaraCara_409,P,NA,2,Y,4,2y2b,346,NA
082118_CaraCara_409,P,NA,2,Y,11,2y14b,346,NA
082118_CaraCara_409,P,NA,2,Y,5,4y4b,346,NA
082118_CaraCara_409,P,NA,2,Y,3,7y9b,346,NA
082118_CaraCara_409,P,NA,2,Y,14,2y14b,346,NA
082118_CaraCara_410,P,NA,1,B,8,2b6y,347,NA
082118_CaraCara_410,P,NA,1,B,4,0b4y,347,NA
082118_CaraCara_410,P,NA,1,B,12,3b5y,347,NA
082118_CaraCara_410,P,NA,1,B,9,3b13y,347,NA
082118_CaraCara_410,P,NA,1,B,5,4b4y,347,NA
082118_CaraCara_410,P,NA,1,B,7,0b4y,347,NA
082118_CaraCara_410,P,NA,1,B,2,3b5y,347,NA
082118_CaraCara_410,P,NA,1,B,10,0b8y,347,NA
082118_CaraCara_410,P,NA,1,B,1,2b2y,347,NA
082118_CaraCara_410,P,NA,1,B,14,2b14y,347,NA
082118_CaraCara_410,P,NA,1,B,6,8b8y,347,NA
082118_CaraCara_410,P,NA,1,B,13,6b10y,347,NA
082118_CaraCara_410,P,NA,1,B,15,10b6y,347,NA
082118_CaraCara_410,P,NA,1,B,11,2b14y,347,NA
082118_CaraCara_410,P,NA,1,B,3,7b9y,347,NA
082118_CaraCara_411,P,NA,0,Y,3,7y9b,348,Battery low
082118_CaraCara_411,P,NA,0,Y,15,5y11b,348,Battery low
082118_CaraCara_411,P,NA,0,Y,9,3y13b,348,Battery low
082118_CaraCara_411,P,NA,0,Y,7,0y4b,348,Battery low
082118_CaraCara_411,P,NA,0,Y,1,1y3b,348,Battery low
082118_CaraCara_411,P,NA,0,Y,4,2y2b,348,Battery low
082118_CaraCara_411,P,NA,0,Y,14,2y14b,348,Battery low
082118_CaraCara_411,P,NA,0,Y,12,2y6b,348,Battery low
082118_CaraCara_411,P,NA,0,Y,11,2y14b,348,Battery low
082118_CaraCara_411,P,NA,0,Y,10,2y6b,348,Battery low
082118_CaraCara_411,P,NA,0,Y,13,6y10b,348,Battery low
082118_CaraCara_411,P,NA,0,Y,8,1y7b,348,Battery low
082118_CaraCara_411,P,NA,0,Y,6,8y8b,348,Battery low
082118_CaraCara_411,P,NA,0,Y,2,4y4b,348,Battery low
082118_CaraCara_411,P,NA,0,Y,5,2y6b,348,Battery low
082118_CaraCara_414,P,NA,1,B,3,7b9y,351,NA
082118_CaraCara_414,P,NA,1,B,11,2b14y,351,NA
082118_CaraCara_414,P,NA,1,B,5,2b6y,351,NA
082118_CaraCara_414,P,NA,1,B,10,2b6y,351,NA
082118_CaraCara_414,P,NA,1,B,4,0b4y,351,NA
082118_CaraCara_414,P,NA,1,B,15,5b11y,351,NA
082118_CaraCara_414,P,NA,1,B,9,3b13y,351,NA
082118_CaraCara_414,P,NA,1,B,1,1b3y,351,NA
082118_CaraCara_414,P,NA,1,B,7,0b4y,351,NA
082118_CaraCara_414,P,NA,1,B,14,2b14y,351,NA
082118_CaraCara_414,P,NA,1,B,12,3b5y,351,NA
082118_CaraCara_414,P,NA,1,B,8,2b6y,351,NA
082118_CaraCara_414,P,NA,1,B,6,8b8y,351,NA
082118_CaraCara_414,P,NA,1,B,2,4b4y,351,NA
082118_CaraCara_414,P,NA,1,B,13,6b10y,351,NA
082118_CaraCara_415,P,NA,2,Y,11,2y14b,352,NA
082118_CaraCara_415,P,NA,2,Y,7,1y3b,352,NA
082118_CaraCara_415,P,NA,2,Y,3,8y8b,352,NA
082118_CaraCara_415,P,NA,2,Y,8,2y6b,352,NA
082118_CaraCara_415,P,NA,2,Y,4,2y2b,352,NA
082118_CaraCara_415,P,NA,2,Y,15,5y11b,352,NA
082118_CaraCara_415,P,NA,2,Y,10,2y6b,352,NA
082118_CaraCara_415,P,NA,2,Y,12,3y5b,352,NA
082118_CaraCara_415,P,NA,2,Y,1,2y2b,352,NA
082118_CaraCara_415,P,NA,2,Y,14,9y7b,352,NA
082118_CaraCara_415,P,NA,2,Y,6,6y10b,352,NA
082118_CaraCara_415,P,NA,2,Y,5,4y4b,352,NA
082118_CaraCara_415,P,NA,2,Y,9,4y12b,352,NA
082118_CaraCara_415,P,NA,2,Y,13,6y10b,352,NA
082118_CaraCara_415,P,NA,2,Y,2,4y4b,352,NA
082118_CaraCara_416,P,NA,2,B,5,2b6y,353,NA
082118_CaraCara_416,P,NA,2,B,7,1b3y,353,NA
082118_CaraCara_416,P,NA,2,B,3,7b9y,353,NA
082118_CaraCara_416,P,NA,2,B,2,3b5y,353,NA
082118_CaraCara_416,P,NA,2,B,11,2b14y,353,NA
082118_CaraCara_416,P,NA,2,B,15,10b6y,353,NA
082118_CaraCara_416,P,NA,2,B,14,2b14y,353,NA
082118_CaraCara_416,P,NA,2,B,8,2b6y,353,NA
082118_CaraCara_416,P,NA,2,B,10,0b8y,353,NA
082118_CaraCara_416,P,NA,2,B,4,0b4y,353,NA
082118_CaraCara_416,P,NA,2,B,6,8b8y,353,NA
082118_CaraCara_416,P,NA,2,B,13,6b10y,353,NA
082118_CaraCara_416,P,NA,2,B,12,2b6y,353,NA
082118_CaraCara_416,P,NA,2,B,9,3b13y,353,NA
082118_CaraCara_416,P,NA,2,B,1,1b3y,353,NA
082118_CaraCara_417,P,NA,1,Y,9,3y13b,354,NA
082118_CaraCara_417,P,NA,1,Y,8,2y6b,354,NA
082118_CaraCara_417,P,NA,1,Y,10,2y6b,354,NA
082118_CaraCara_417,P,NA,1,Y,11,2y14b,354,NA
082118_CaraCara_417,P,NA,1,Y,2,4y4b,354,NA
082118_CaraCara_417,P,NA,1,Y,7,0y4b,354,NA
082118_CaraCara_417,P,NA,1,Y,1,1y3b,354,NA
082118_CaraCara_417,P,NA,1,Y,6,6y10b,354,NA
082118_CaraCara_417,P,NA,1,Y,15,5y11b,354,NA
082118_CaraCara_417,P,NA,1,Y,12,3y5b,354,NA
082118_CaraCara_417,P,NA,1,Y,3,7y9b,354,NA
082118_CaraCara_417,P,NA,1,Y,5,2y6b,354,NA
082118_CaraCara_417,P,NA,1,Y,13,6y10b,354,NA
082118_CaraCara_417,P,NA,1,Y,14,9y7b,354,NA
082118_CaraCara_417,P,NA,1,Y,4,0y4b,354,NA
082118_CaraCara_418,P,NA,0,B,7,1b3y,355,NA
082118_CaraCara_418,P,NA,0,B,8,1b7y,355,NA
082118_CaraCara_418,P,NA,0,B,11,2b14y,355,NA
082118_CaraCara_418,P,NA,0,B,2,4b4y,355,NA
082118_CaraCara_418,P,NA,0,B,5,4b4y,355,NA
082118_CaraCara_418,P,NA,0,B,13,6b10y,355,NA
082118_CaraCara_418,P,NA,0,B,3,7b9y,355,NA
082118_CaraCara_418,P,NA,0,B,4,2b2y,355,NA
082118_CaraCara_418,P,NA,0,B,14,9b7y,355,NA
082118_CaraCara_418,P,NA,0,B,12,3b5y,355,NA
082118_CaraCara_418,P,NA,0,B,15,10b6y,355,NA
082118_CaraCara_418,P,NA,0,B,6,6b10y,355,NA
082118_CaraCara_418,P,NA,0,B,1,2b2y,355,NA
082118_CaraCara_418,P,NA,0,B,9,3b13y,355,NA
082118_CaraCara_418,P,NA,0,B,10,2b6y,355,NA
082118_CaraCara_419,P,NA,2,Y,10,0y8b,356,NA
082118_CaraCara_419,P,NA,2,Y,4,2y2b,356,NA
082118_CaraCara_419,P,NA,2,Y,6,6y10b,356,NA
082118_CaraCara_419,P,NA,2,Y,1,1y3b,356,NA
082118_CaraCara_419,P,NA,2,Y,12,2y6b,356,NA
082118_CaraCara_419,P,NA,2,Y,9,3y13b,356,NA
082118_CaraCara_419,P,NA,2,Y,8,1y7b,356,NA
082118_CaraCara_419,P,NA,2,Y,7,0y4b,356,NA
082118_CaraCara_419,P,NA,2,Y,3,8y8b,356,NA
082118_CaraCara_419,P,NA,2,Y,14,9y7b,356,NA
082118_CaraCara_419,P,NA,2,Y,13,9y7b,356,NA
082118_CaraCara_419,P,NA,2,Y,2,4y4b,356,NA
082118_CaraCara_419,P,NA,2,Y,15,10y6b,356,NA
082118_CaraCara_419,P,NA,2,Y,11,2y14b,356,NA
082118_CaraCara_419,P,NA,2,Y,5,4y4b,356,NA
082118_CaraCara_421,P,NA,5,B,3,8b8y,358,NA
082118_CaraCara_421,P,NA,5,B,8,1b7y,358,NA
082118_CaraCara_421,P,NA,5,B,13,9b7y,358,NA
082118_CaraCara_421,P,NA,5,B,1,2b2y,358,NA
082118_CaraCara_421,P,NA,5,B,6,8b8y,358,NA
082118_CaraCara_421,P,NA,5,B,15,10b6y,358,NA
082118_CaraCara_421,P,NA,5,B,7,1b3y,358,NA
082118_CaraCara_421,P,NA,5,B,5,4b4y,358,NA
082118_CaraCara_421,P,NA,5,B,14,9b7y,358,NA
082118_CaraCara_421,P,NA,5,B,11,4b12y,358,NA
082118_CaraCara_421,P,NA,5,B,9,4b12y,358,NA
082118_CaraCara_421,P,NA,5,B,10,2b6y,358,NA
082118_CaraCara_421,P,NA,5,B,4,2b2y,358,NA
082118_CaraCara_421,P,NA,5,B,2,4b4y,358,NA
082118_CaraCara_421,P,NA,5,B,12,3b5y,358,NA
082118_CaraCara_422,P,NA,0,Y,10,2y6b,359,NA
082118_CaraCara_422,P,NA,0,Y,1,1y3b,359,NA
082118_CaraCara_422,P,NA,0,Y,15,5y11b,359,NA
082118_CaraCara_422,P,NA,0,Y,5,4y4b,359,NA
082118_CaraCara_422,P,NA,0,Y,3,7y9b,359,NA
082118_CaraCara_422,P,NA,0,Y,4,2y2b,359,NA
082118_CaraCara_422,P,NA,0,Y,7,1y3b,359,NA
082118_CaraCara_422,P,NA,0,Y,6,6y10b,359,NA
082118_CaraCara_422,P,NA,0,Y,8,2y6b,359,NA
082118_CaraCara_422,P,NA,0,Y,11,4y12b,359,NA
082118_CaraCara_422,P,NA,0,Y,2,3y5b,359,NA
082118_CaraCara_422,P,NA,0,Y,14,9y7b,359,NA
082118_CaraCara_422,P,NA,0,Y,13,6y10b,359,NA
082118_CaraCara_422,P,NA,0,Y,9,3y13b,359,NA
082118_CaraCara_422,P,NA,0,Y,12,3y5b,359,NA
082118_CaraCara_423,P,NA,0,B,11,2b14y,360,NA
082118_CaraCara_423,P,NA,0,B,6,6b10y,360,NA
082118_CaraCara_423,P,NA,0,B,9,4b12y,360,NA
082118_CaraCara_423,P,NA,0,B,5,4b4y,360,NA
082118_CaraCara_423,P,NA,0,B,1,2b2y,360,NA
082118_CaraCara_423,P,NA,0,B,15,10b6y,360,NA
082118_CaraCara_423,P,NA,0,B,2,4b4y,360,NA
082118_CaraCara_423,P,NA,0,B,4,2b2y,360,NA
082118_CaraCara_423,P,NA,0,B,13,9b7y,360,NA
082118_CaraCara_423,P,NA,0,B,10,2b6y,360,NA
082118_CaraCara_423,P,NA,0,B,3,7b9y,360,NA
082118_CaraCara_423,P,NA,0,B,14,9b7y,360,NA
082118_CaraCara_423,P,NA,0,B,7,1b3y,360,NA
082118_CaraCara_423,P,NA,0,B,12,2b6y,360,NA
082118_CaraCara_423,P,NA,0,B,8,2b6y,360,NA
082118_CaraCara_424,P,NA,0,Y,11,2y14b,361,NA
082118_CaraCara_424,P,NA,0,Y,8,1y7b,361,NA
082118_CaraCara_424,P,NA,0,Y,2,3y5b,361,NA
082118_CaraCara_424,P,NA,0,Y,13,6y10b,361,NA
082118_CaraCara_424,P,NA,0,Y,15,5y11b,361,NA
082118_CaraCara_424,P,NA,0,Y,12,2y6b,361,NA
082118_CaraCara_424,P,NA,0,Y,5,2y6b,361,NA
082118_CaraCara_424,P,NA,0,Y,6,6y10b,361,NA
082118_CaraCara_424,P,NA,0,Y,9,3y13b,361,NA
082118_CaraCara_424,P,NA,0,Y,4,0y4b,361,NA
082118_CaraCara_424,P,NA,0,Y,1,1y3b,361,NA
082118_CaraCara_424,P,NA,0,Y,14,2y14b,361,NA
082118_CaraCara_424,P,NA,0,Y,7,0y4b,361,NA
082118_CaraCara_424,P,NA,0,Y,10,0y8b,361,NA
082118_CaraCara_424,P,NA,0,Y,3,7y9b,361,NA
082118_CaraCara_425,P,NA,1,B,7,1b3y,362,NA
082118_CaraCara_425,P,NA,1,B,9,4b12y,362,NA
082118_CaraCara_425,P,NA,1,B,5,4b4y,362,NA
082118_CaraCara_425,P,NA,1,B,8,2b6y,362,NA
082118_CaraCara_425,P,NA,1,B,11,2b14y,362,NA
082118_CaraCara_425,P,NA,1,B,12,2b6y,362,NA
082118_CaraCara_425,P,NA,1,B,4,2b2y,362,NA
082118_CaraCara_425,P,NA,1,B,2,4b4y,362,NA
082118_CaraCara_425,P,NA,1,B,14,9b7y,362,NA
082118_CaraCara_425,P,NA,1,B,13,9b7y,362,NA
082118_CaraCara_425,P,NA,1,B,10,2b6y,362,NA
082118_CaraCara_425,P,NA,1,B,3,7b9y,362,NA
082118_CaraCara_425,P,NA,1,B,15,10b6y,362,NA
082118_CaraCara_425,P,NA,1,B,1,1b3y,362,NA
082118_CaraCara_425,P,NA,1,B,6,8b8y,362,NA
082118_CaraCara_426,P,NA,0,Y,13,9y7b,363,NA
082118_CaraCara_426,P,NA,0,Y,6,8y8b,363,NA
082118_CaraCara_426,P,NA,0,Y,2,3y5b,363,NA
082118_CaraCara_426,P,NA,0,Y,10,2y6b,363,NA
082118_CaraCara_426,P,NA,0,Y,11,4y12b,363,NA
082118_CaraCara_426,P,NA,0,Y,5,4y4b,363,NA
082118_CaraCara_426,P,NA,0,Y,1,1y3b,363,NA
082118_CaraCara_426,P,NA,0,Y,3,7y9b,363,NA
082118_CaraCara_426,P,NA,0,Y,4,0y4b,363,NA
082118_CaraCara_426,P,NA,0,Y,15,10y6b,363,NA
082118_CaraCara_426,P,NA,0,Y,14,9y7b,363,NA
082118_CaraCara_426,P,NA,0,Y,12,3y5b,363,NA
082118_CaraCara_426,P,NA,0,Y,9,3y13b,363,NA
082118_CaraCara_426,P,NA,0,Y,7,0y4b,363,NA
082118_CaraCara_426,P,NA,0,Y,8,1y7b,363,NA
082118_CaraCara_428,P,NA,2,B,7,1b3y,365,NA
082118_CaraCara_428,P,NA,2,B,8,1b7y,365,NA
082118_CaraCara_428,P,NA,2,B,2,3b5y,365,NA
082118_CaraCara_428,P,NA,2,B,15,5b11y,365,NA
082118_CaraCara_428,P,NA,2,B,14,2b14y,365,NA
082118_CaraCara_428,P,NA,2,B,6,6b10y,365,NA
082118_CaraCara_428,P,NA,2,B,1,1b3y,365,NA
082118_CaraCara_428,P,NA,2,B,12,2b6y,365,NA
082118_CaraCara_428,P,NA,2,B,13,6b10y,365,NA
082118_CaraCara_428,P,NA,2,B,3,7b9y,365,NA
082118_CaraCara_428,P,NA,2,B,11,2b14y,365,NA
082118_CaraCara_428,P,NA,2,B,5,2b6y,365,NA
082118_CaraCara_428,P,NA,2,B,9,3b13y,365,NA
082118_CaraCara_428,P,NA,2,B,10,0b8y,365,NA
082118_CaraCara_428,P,NA,2,B,4,0b4y,365,NA
082218_Uvasichi_429,P,NA,0,Y,13,6y10b,366,NA
082218_Uvasichi_429,P,NA,0,Y,8,2y6b,366,NA
082218_Uvasichi_429,P,NA,0,Y,4,2y2b,366,NA
082218_Uvasichi_429,P,NA,0,Y,14,9y7b,366,NA
082218_Uvasichi_429,P,NA,0,Y,5,2y6b,366,NA
082218_Uvasichi_429,P,NA,0,Y,6,8y8b,366,NA
082218_Uvasichi_429,P,NA,0,Y,11,2y14b,366,NA
082218_Uvasichi_429,P,NA,0,Y,3,7y9b,366,NA
082218_Uvasichi_429,P,NA,0,Y,1,1y3b,366,NA
082218_Uvasichi_429,P,NA,0,Y,12,3y5b,366,NA
082218_Uvasichi_429,P,NA,0,Y,9,3y13b,366,NA
082218_Uvasichi_429,P,NA,0,Y,15,5y11b,366,NA
082218_Uvasichi_429,P,NA,0,Y,2,4y4b,366,NA
082218_Uvasichi_429,P,NA,0,Y,7,0y4b,366,NA
082218_Uvasichi_429,P,NA,0,Y,10,2y6b,366,NA
082218_Uvasichi_430,P,NA,0,B,14,2b14y,367,NA
082218_Uvasichi_430,P,NA,0,B,8,1b7y,367,NA
082218_Uvasichi_430,P,NA,0,B,3,7b9y,367,NA
082218_Uvasichi_430,P,NA,0,B,6,6b10y,367,NA
082218_Uvasichi_430,P,NA,0,B,2,3b5y,367,NA
082218_Uvasichi_430,P,NA,0,B,9,3b13y,367,NA
082218_Uvasichi_430,P,NA,0,B,11,2b14y,367,NA
082218_Uvasichi_430,P,NA,0,B,15,5b11y,367,NA
082218_Uvasichi_430,P,NA,0,B,5,2b6y,367,NA
082218_Uvasichi_430,P,NA,0,B,10,0b8y,367,NA
082218_Uvasichi_430,P,NA,0,B,7,1b3y,367,NA
082218_Uvasichi_430,P,NA,0,B,12,3b5y,367,NA
082218_Uvasichi_430,P,NA,0,B,13,6b10y,367,NA
082218_Uvasichi_430,P,NA,0,B,4,0b4y,367,NA
082218_Uvasichi_430,P,NA,0,B,1,2b2y,367,NA
082218_Uvasichi_431,P,NA,0,Y,14,2y14b,368,NA
082218_Uvasichi_431,P,NA,0,Y,8,2y6b,368,NA
082218_Uvasichi_431,P,NA,0,Y,5,4y4b,368,NA
082218_Uvasichi_431,P,NA,0,Y,11,2y14b,368,NA
082218_Uvasichi_431,P,NA,0,Y,10,2y6b,368,NA
082218_Uvasichi_431,P,NA,0,Y,4,0y4b,368,NA
082218_Uvasichi_431,P,NA,0,Y,2,3y5b,368,NA
082218_Uvasichi_431,P,NA,0,Y,1,2y2b,368,NA
082218_Uvasichi_431,P,NA,0,Y,9,4y12b,368,NA
082218_Uvasichi_431,P,NA,0,Y,13,9y7b,368,NA
082218_Uvasichi_431,P,NA,0,Y,15,5y11b,368,NA
082218_Uvasichi_431,P,NA,0,Y,6,6y10b,368,NA
082218_Uvasichi_431,P,NA,0,Y,12,2y6b,368,NA
082218_Uvasichi_431,P,NA,0,Y,3,8y8b,368,NA
082218_Uvasichi_431,P,NA,0,Y,7,0y4b,368,NA
082218_Uvasichi_433,P,NA,0,B,7,1b3y,370,NA
082218_Uvasichi_433,P,NA,0,B,12,3b5y,370,NA
082218_Uvasichi_433,P,NA,0,B,3,7b9y,370,NA
082218_Uvasichi_433,P,NA,0,B,4,0b4y,370,NA
082218_Uvasichi_433,P,NA,0,B,11,2b14y,370,NA
082218_Uvasichi_433,P,NA,0,B,8,2b6y,370,NA
082218_Uvasichi_433,P,NA,0,B,13,9b7y,370,NA
082218_Uvasichi_433,P,NA,0,B,15,10b6y,370,NA
082218_Uvasichi_433,P,NA,0,B,14,2b14y,370,NA
082218_Uvasichi_433,P,NA,0,B,2,4b4y,370,NA
082218_Uvasichi_433,P,NA,0,B,1,1b3y,370,NA
082218_Uvasichi_433,P,NA,0,B,6,8b8y,370,NA
082218_Uvasichi_433,P,NA,0,B,10,2b6y,370,NA
082218_Uvasichi_433,P,NA,0,B,9,3b13y,370,NA
082218_Uvasichi_433,P,NA,0,B,5,4b4y,370,NA
082218_Uvasichi_435,P,NA,1,Y,15,10y6b,372,NA
082218_Uvasichi_435,P,NA,1,Y,12,3y5b,372,NA
082218_Uvasichi_435,P,NA,1,Y,5,2y6b,372,NA
082218_Uvasichi_435,P,NA,1,Y,8,2y6b,372,NA
082218_Uvasichi_435,P,NA,1,Y,14,9y7b,372,NA
082218_Uvasichi_435,P,NA,1,Y,11,4y12b,372,NA
082218_Uvasichi_435,P,NA,1,Y,4,2y2b,372,NA
082218_Uvasichi_435,P,NA,1,Y,1,1y3b,372,NA
082218_Uvasichi_435,P,NA,1,Y,6,8y8b,372,NA
082218_Uvasichi_435,P,NA,1,Y,7,1y3b,372,NA
082218_Uvasichi_435,P,NA,1,Y,10,2y6b,372,NA
082218_Uvasichi_435,P,NA,1,Y,9,3y13b,372,NA
082218_Uvasichi_435,P,NA,1,Y,2,3y5b,372,NA
082218_Uvasichi_435,P,NA,1,Y,3,7y9b,372,NA
082218_Uvasichi_435,P,NA,1,Y,13,9y7b,372,NA
082218_Uvasichi_437,P,NA,1,B,15,5b11y,374,NA
082218_Uvasichi_437,P,NA,1,B,3,7b9y,374,NA
082218_Uvasichi_437,P,NA,1,B,4,2b2y,374,NA
082218_Uvasichi_437,P,NA,1,B,2,3b5y,374,NA
082218_Uvasichi_437,P,NA,1,B,14,9b7y,374,NA
082218_Uvasichi_437,P,NA,1,B,9,3b13y,374,NA
082218_Uvasichi_437,P,NA,1,B,12,3b5y,374,NA
082218_Uvasichi_437,P,NA,1,B,1,1b3y,374,NA
082218_Uvasichi_437,P,NA,1,B,11,2b14y,374,NA
082218_Uvasichi_437,P,NA,1,B,5,2b6y,374,NA
082218_Uvasichi_437,P,NA,1,B,10,2b6y,374,NA
082218_Uvasichi_437,P,NA,1,B,7,1b3y,374,NA
082218_Uvasichi_437,P,NA,1,B,6,6b10y,374,NA
082218_Uvasichi_437,P,NA,1,B,13,6b10y,374,NA
082218_Uvasichi_437,P,NA,1,B,8,1b7y,374,NA
082218_Uvasichi_438,P,NA,0,Y,12,3y5b,375,NA
082218_Uvasichi_438,P,NA,0,Y,5,2y6b,375,NA
082218_Uvasichi_438,P,NA,0,Y,6,6y10b,375,NA
082218_Uvasichi_438,P,NA,0,Y,13,9y7b,375,NA
082218_Uvasichi_438,P,NA,0,Y,2,3y5b,375,NA
082218_Uvasichi_438,P,NA,0,Y,3,7y9b,375,NA
082218_Uvasichi_438,P,NA,0,Y,8,1y7b,375,NA
082218_Uvasichi_438,P,NA,0,Y,14,9y7b,375,NA
082218_Uvasichi_438,P,NA,0,Y,9,4y12b,375,NA
082218_Uvasichi_438,P,NA,0,Y,11,2y14b,375,NA
082218_Uvasichi_438,P,NA,0,Y,15,5y11b,375,NA
082218_Uvasichi_438,P,NA,0,Y,7,1y3b,375,NA
082218_Uvasichi_438,P,NA,0,Y,10,2y6b,375,NA
082218_Uvasichi_438,P,NA,0,Y,4,2y2b,375,NA
082218_Uvasichi_438,P,NA,0,Y,1,1y3b,375,NA
082218_Uvasichi_439,P,NA,5,B,1,2b2y,376,NA
082218_Uvasichi_439,P,NA,5,B,9,3b13y,376,NA
082218_Uvasichi_439,P,NA,5,B,10,2b6y,376,NA
082218_Uvasichi_439,P,NA,5,B,6,6b10y,376,NA
082218_Uvasichi_439,P,NA,5,B,15,5b11y,376,NA
082218_Uvasichi_439,P,NA,5,B,2,3b5y,376,NA
082218_Uvasichi_439,P,NA,5,B,11,2b14y,376,NA
082218_Uvasichi_439,P,NA,5,B,13,9b7y,376,NA
082218_Uvasichi_439,P,NA,5,B,12,3b5y,376,NA
082218_Uvasichi_439,P,NA,5,B,3,7b9y,376,NA
082218_Uvasichi_439,P,NA,5,B,14,9b7y,376,NA
082218_Uvasichi_439,P,NA,5,B,8,2b6y,376,NA
082218_Uvasichi_439,P,NA,5,B,5,4b4y,376,NA
082218_Uvasichi_439,P,NA,5,B,4,2b2y,376,NA
082218_Uvasichi_439,P,NA,5,B,7,1b3y,376,NA
082218_Uvasichi_440,P,NA,0,Y,12,2y6b,377,NA
082218_Uvasichi_440,P,NA,0,Y,9,3y13b,377,NA
082218_Uvasichi_440,P,NA,0,Y,10,0y8b,377,NA
082218_Uvasichi_440,P,NA,0,Y,15,5y11b,377,NA
082218_Uvasichi_440,P,NA,0,Y,14,2y14b,377,NA
082218_Uvasichi_440,P,NA,0,Y,5,2y6b,377,NA
082218_Uvasichi_440,P,NA,0,Y,2,3y5b,377,NA
082218_Uvasichi_440,P,NA,0,Y,13,6y10b,377,NA
082218_Uvasichi_440,P,NA,0,Y,11,4y12b,377,NA
082218_Uvasichi_440,P,NA,0,Y,1,1y3b,377,NA
082218_Uvasichi_440,P,NA,0,Y,6,6y10b,377,NA
082218_Uvasichi_440,P,NA,0,Y,3,7y9b,377,NA
082218_Uvasichi_440,P,NA,0,Y,8,1y7b,377,NA
082218_Uvasichi_440,P,NA,0,Y,7,0y4b,377,NA
082218_Uvasichi_440,P,NA,0,Y,4,0y4b,377,NA
082218_Uvasichi_441,EC,3b1y,0,B,8,1b7y,378,Accidentally explained version P
082218_Uvasichi_441,EC,3b1y,0,B,7,1b3y,378,Accidentally explained version P
082218_Uvasichi_441,EC,3b1y,0,B,3,7b9y,378,Accidentally explained version P
082218_Uvasichi_441,EC,3b1y,0,B,15,10b6y,378,Accidentally explained version P
082218_Uvasichi_441,EC,3b1y,0,B,6,6b10y,378,Accidentally explained version P
082218_Uvasichi_441,EC,3b1y,0,B,4,2b2y,378,Accidentally explained version P
082218_Uvasichi_441,EC,3b1y,0,B,1,2b2y,378,Accidentally explained version P
082218_Uvasichi_441,EC,3b1y,0,B,9,3b13y,378,Accidentally explained version P
082218_Uvasichi_441,EC,3b1y,0,B,2,3b5y,378,Accidentally explained version P
082218_Uvasichi_441,EC,3b1y,0,B,13,9b7y,378,Accidentally explained version P
082218_Uvasichi_441,EC,3b1y,0,B,10,2b6y,378,Accidentally explained version P
082218_Uvasichi_441,EC,3b1y,0,B,11,4b12y,378,Accidentally explained version P
082218_Uvasichi_441,EC,3b1y,0,B,12,2b6y,378,Accidentally explained version P
082218_Uvasichi_441,EC,3b1y,0,B,5,4b4y,378,Accidentally explained version P
082218_Uvasichi_441,EC,3b1y,0,B,14,9b7y,378,Accidentally explained version P
082218_Uvasichi_442,EC,3b1y,0,Y,4,2y2b,379,NA
082218_Uvasichi_442,EC,3b1y,0,Y,8,1y7b,379,NA
082218_Uvasichi_442,EC,3b1y,0,Y,6,6y10b,379,NA
082218_Uvasichi_442,EC,3b1y,0,Y,11,2y14b,379,NA
082218_Uvasichi_442,EC,3b1y,0,Y,2,3y5b,379,NA
082218_Uvasichi_442,EC,3b1y,0,Y,14,2y14b,379,NA
082218_Uvasichi_442,EC,3b1y,0,Y,9,3y13b,379,NA
082218_Uvasichi_442,EC,3b1y,0,Y,12,2y6b,379,NA
082218_Uvasichi_442,EC,3b1y,0,Y,10,0y8b,379,NA
082218_Uvasichi_442,EC,3b1y,0,Y,15,5y11b,379,NA
082218_Uvasichi_442,EC,3b1y,0,Y,5,2y6b,379,NA
082218_Uvasichi_442,EC,3b1y,0,Y,13,9y7b,379,NA
082218_Uvasichi_442,EC,3b1y,0,Y,1,1y3b,379,NA
082218_Uvasichi_442,EC,3b1y,0,Y,3,7y9b,379,NA
082218_Uvasichi_442,EC,3b1y,0,Y,7,1y3b,379,NA
082218_Uvasichi_443,EC,3b3y,1,B,2,3b5y,381,NA
082218_Uvasichi_443,EC,3b3y,1,B,9,3b13y,381,NA
082218_Uvasichi_443,EC,3b3y,1,B,15,10b6y,381,NA
082218_Uvasichi_443,EC,3b3y,1,B,5,2b6y,381,NA
082218_Uvasichi_443,EC,3b3y,1,B,14,9b7y,381,NA
082218_Uvasichi_443,EC,3b3y,1,B,10,2b6y,381,NA
082218_Uvasichi_443,EC,3b3y,1,B,3,7b9y,381,NA
082218_Uvasichi_443,EC,3b3y,1,B,13,6b10y,381,NA
082218_Uvasichi_443,EC,3b3y,1,B,1,1b3y,381,NA
082218_Uvasichi_443,EC,3b3y,1,B,8,1b7y,381,NA
082218_Uvasichi_443,EC,3b3y,1,B,7,1b3y,381,NA
082218_Uvasichi_443,EC,3b3y,1,B,11,4b12y,381,NA
082218_Uvasichi_443,EC,3b3y,1,B,6,6b10y,381,NA
082218_Uvasichi_443,EC,3b3y,1,B,4,2b2y,381,NA
082218_Uvasichi_443,EC,3b3y,1,B,2,3b5y,381,NA
082218_Uvasichi_444,EC,3b3y,0,Y,10,2y6b,381,NA
082218_Uvasichi_444,EC,3b3y,0,Y,15,5y11b,381,NA
082218_Uvasichi_444,EC,3b3y,0,Y,11,2y14b,381,NA
082218_Uvasichi_444,EC,3b3y,0,Y,3,7y9b,381,NA
082218_Uvasichi_444,EC,3b3y,0,Y,1,1y3b,381,NA
082218_Uvasichi_444,EC,3b3y,0,Y,6,8y8b,381,NA
082218_Uvasichi_444,EC,3b3y,0,Y,12,3y5b,381,NA
082218_Uvasichi_444,EC,3b3y,0,Y,5,2y6b,381,NA
082218_Uvasichi_444,EC,3b3y,0,Y,14,9y7b,381,NA
082218_Uvasichi_444,EC,3b3y,0,Y,13,6y10b,381,NA
082218_Uvasichi_444,EC,3b3y,0,Y,8,2y6b,381,NA
082218_Uvasichi_444,EC,3b3y,0,Y,9,3y13b,381,NA
082218_Uvasichi_444,EC,3b3y,0,Y,2,4y4b,381,NA
082218_Uvasichi_444,EC,3b3y,0,Y,4,2y2b,381,NA
082218_Uvasichi_444,EC,3b3y,0,Y,7,1y3b,381,NA
082218_Uvasichi_445,EC,1b3y,0,B,10,0b8y,382,NA
082218_Uvasichi_445,EC,1b3y,0,B,6,6b10y,382,NA
082218_Uvasichi_445,EC,1b3y,0,B,5,4b4y,382,NA
082218_Uvasichi_445,EC,1b3y,0,B,12,3b5y,382,NA
082218_Uvasichi_445,EC,1b3y,0,B,11,4b12y,382,NA
082218_Uvasichi_445,EC,1b3y,0,B,9,4b12y,382,NA
082218_Uvasichi_445,EC,1b3y,0,B,4,0b4y,382,NA
082218_Uvasichi_445,EC,1b3y,0,B,13,9b7y,382,NA
082218_Uvasichi_445,EC,1b3y,0,B,3,8b8y,382,NA
082218_Uvasichi_445,EC,1b3y,0,B,2,4b4y,382,NA
082218_Uvasichi_445,EC,1b3y,0,B,14,9b7y,382,NA
082218_Uvasichi_445,EC,1b3y,0,B,15,5b11y,382,NA
082218_Uvasichi_445,EC,1b3y,0,B,8,1b7y,382,NA
082218_Uvasichi_445,EC,1b3y,0,B,7,0b4y,382,NA
082218_Uvasichi_445,EC,1b3y,0,B,1,1b3y,382,NA
082218_Uvasichi_446,EC,1b3y,0,Y,12,3y5b,383,NA
082218_Uvasichi_446,EC,1b3y,0,Y,2,3y5b,383,NA
082218_Uvasichi_446,EC,1b3y,0,Y,1,1y3b,383,NA
082218_Uvasichi_446,EC,1b3y,0,Y,15,5y11b,383,NA
082218_Uvasichi_446,EC,1b3y,0,Y,10,2y6b,383,NA
082218_Uvasichi_446,EC,1b3y,0,Y,14,9y7b,383,NA
082218_Uvasichi_446,EC,1b3y,0,Y,4,2y2b,383,NA
082218_Uvasichi_446,EC,1b3y,0,Y,11,2y14b,383,NA
082218_Uvasichi_446,EC,1b3y,0,Y,9,4y12b,383,NA
082218_Uvasichi_446,EC,1b3y,0,Y,3,7y9b,383,NA
082218_Uvasichi_446,EC,1b3y,0,Y,6,8y8b,383,NA
082218_Uvasichi_446,EC,1b3y,0,Y,5,2y6b,383,NA
082218_Uvasichi_446,EC,1b3y,0,Y,7,1y3b,383,NA
082218_Uvasichi_446,EC,1b3y,0,Y,13,6y10b,383,NA
082218_Uvasichi_446,EC,1b3y,0,Y,8,2y6b,383,NA
082218_Uvasichi_448,EC,1b3y,0,B,9,3b13y,385,NA
082218_Uvasichi_448,EC,1b3y,0,B,7,0b4y,385,NA
082218_Uvasichi_448,EC,1b3y,0,B,2,4b4y,385,NA
082218_Uvasichi_448,EC,1b3y,0,B,1,1b3y,385,NA
082218_Uvasichi_448,EC,1b3y,0,B,11,2b14y,385,NA
082218_Uvasichi_448,EC,1b3y,0,B,3,8b8y,385,NA
082218_Uvasichi_448,EC,1b3y,0,B,8,2b6y,385,NA
082218_Uvasichi_448,EC,1b3y,0,B,5,2b6y,385,NA
082218_Uvasichi_448,EC,1b3y,0,B,13,6b10y,385,NA
082218_Uvasichi_448,EC,1b3y,0,B,12,3b5y,385,NA
082218_Uvasichi_448,EC,1b3y,0,B,10,2b6y,385,NA
082218_Uvasichi_448,EC,1b3y,0,B,6,8b8y,385,NA
082218_Uvasichi_448,EC,1b3y,0,B,14,9b7y,385,NA
082218_Uvasichi_448,EC,1b3y,0,B,15,10b6y,385,NA
082218_Uvasichi_448,EC,1b3y,0,B,4,2b2y,385,NA
082218_Uvasichi_449,EC,1b3y,0,Y,1,1y3b,386,NA
082218_Uvasichi_449,EC,1b3y,0,Y,8,2y6b,386,NA
082218_Uvasichi_449,EC,1b3y,0,Y,6,6y10b,386,NA
082218_Uvasichi_449,EC,1b3y,0,Y,12,3y5b,386,NA
082218_Uvasichi_449,EC,1b3y,0,Y,15,10y6b,386,NA
082218_Uvasichi_449,EC,1b3y,0,Y,9,4y12b,386,NA
082218_Uvasichi_449,EC,1b3y,0,Y,5,4y4b,386,NA
082218_Uvasichi_449,EC,1b3y,0,Y,3,8y8b,386,NA
082218_Uvasichi_449,EC,1b3y,0,Y,2,4y4b,386,NA
082218_Uvasichi_449,EC,1b3y,0,Y,14,9y7b,386,NA
082218_Uvasichi_449,EC,1b3y,0,Y,7,1y3b,386,NA
082218_Uvasichi_449,EC,1b3y,0,Y,4,2y2b,386,NA
082218_Uvasichi_449,EC,1b3y,0,Y,10,2y6b,386,NA
082218_Uvasichi_449,EC,1b3y,0,Y,11,4y12b,386,NA
082218_Uvasichi_449,EC,1b3y,0,Y,13,9y7b,386,NA
082218_Uvasichi_450,EC,3b3y,0,B,4,2b2y,387,NA
082218_Uvasichi_450,EC,3b3y,0,B,12,3b5y,387,NA
082218_Uvasichi_450,EC,3b3y,0,B,2,4b4y,387,NA
082218_Uvasichi_450,EC,3b3y,0,B,3,7b9y,387,NA
082218_Uvasichi_450,EC,3b3y,0,B,13,9b7y,387,NA
082218_Uvasichi_450,EC,3b3y,0,B,5,4b4y,387,NA
082218_Uvasichi_450,EC,3b3y,0,B,15,5b11y,387,NA
082218_Uvasichi_450,EC,3b3y,0,B,1,2b2y,387,NA
082218_Uvasichi_450,EC,3b3y,0,B,8,2b6y,387,NA
082218_Uvasichi_450,EC,3b3y,0,B,10,2b6y,387,NA
082218_Uvasichi_450,EC,3b3y,0,B,11,4b12y,387,NA
082218_Uvasichi_450,EC,3b3y,0,B,7,1b3y,387,NA
082218_Uvasichi_450,EC,3b3y,0,B,6,8b8y,387,NA
082218_Uvasichi_450,EC,3b3y,0,B,14,9b7y,387,NA
082218_Uvasichi_450,EC,3b3y,0,B,9,4b12y,387,NA
082218_Uvasichi_451,EC,3b3y,0,Y,11,4y12b,388,NA
082218_Uvasichi_451,EC,3b3y,0,Y,7,1y3b,388,NA
082218_Uvasichi_451,EC,3b3y,0,Y,12,3y5b,388,NA
082218_Uvasichi_451,EC,3b3y,0,Y,3,7y9b,388,NA
082218_Uvasichi_451,EC,3b3y,0,Y,2,3y5b,388,NA
082218_Uvasichi_451,EC,3b3y,0,Y,14,9y7b,388,NA
082218_Uvasichi_451,EC,3b3y,0,Y,5,4y4b,388,NA
082218_Uvasichi_451,EC,3b3y,0,Y,13,9y7b,388,NA
082218_Uvasichi_451,EC,3b3y,0,Y,10,2y6b,388,NA
082218_Uvasichi_451,EC,3b3y,0,Y,8,2y6b,388,NA
082218_Uvasichi_451,EC,3b3y,0,Y,1,2y2b,388,NA
082218_Uvasichi_451,EC,3b3y,0,Y,9,3y13b,388,NA
082218_Uvasichi_451,EC,3b3y,0,Y,15,10y6b,388,NA
082218_Uvasichi_451,EC,3b3y,0,Y,6,8y8b,388,NA
082218_Uvasichi_451,EC,3b3y,0,Y,4,2y2b,388,NA
082218_Uvasichi_452,EC,3b1y,0,B,3,7b9y,389,NA
082218_Uvasichi_452,EC,3b1y,0,B,15,5b11y,389,NA
082218_Uvasichi_452,EC,3b1y,0,B,12,2b6y,389,NA
082218_Uvasichi_452,EC,3b1y,0,B,2,4b4y,389,NA
082218_Uvasichi_452,EC,3b1y,0,B,13,6b10y,389,NA
082218_Uvasichi_452,EC,3b1y,0,B,5,2b6y,389,NA
082218_Uvasichi_452,EC,3b1y,0,B,4,0b4y,389,NA
082218_Uvasichi_452,EC,3b1y,0,B,1,1b3y,389,NA
082218_Uvasichi_452,EC,3b1y,0,B,11,2b14y,389,NA
082218_Uvasichi_452,EC,3b1y,0,B,7,0b4y,389,NA
082218_Uvasichi_452,EC,3b1y,0,B,8,2b6y,389,NA
082218_Uvasichi_452,EC,3b1y,0,B,9,3b13y,389,NA
082218_Uvasichi_452,EC,3b1y,0,B,10,2b6y,389,NA
082218_Uvasichi_452,EC,3b1y,0,B,14,9b7y,389,NA
082218_Uvasichi_452,EC,3b1y,0,B,6,8b8y,389,NA
082218_Uvasichi_454,EC,3b1y,0,Y,6,8y8b,391,NA
082218_Uvasichi_454,EC,3b1y,0,Y,8,1y7b,391,NA
082218_Uvasichi_454,EC,3b1y,0,Y,11,4y12b,391,NA
082218_Uvasichi_454,EC,3b1y,0,Y,7,1y3b,391,NA
082218_Uvasichi_454,EC,3b1y,0,Y,13,9y7b,391,NA
082218_Uvasichi_454,EC,3b1y,0,Y,15,10y6b,391,NA
082218_Uvasichi_454,EC,3b1y,0,Y,4,2y2b,391,NA
082218_Uvasichi_454,EC,3b1y,0,Y,12,2y6b,391,NA
082218_Uvasichi_454,EC,3b1y,0,Y,2,3y5b,391,NA
082218_Uvasichi_454,EC,3b1y,0,Y,10,2y6b,391,NA
082218_Uvasichi_454,EC,3b1y,0,Y,3,8y8b,391,NA
082218_Uvasichi_454,EC,3b1y,0,Y,1,1y3b,391,NA
082218_Uvasichi_454,EC,3b1y,0,Y,9,3y13b,391,NA
082218_Uvasichi_454,EC,3b1y,0,Y,14,2y14b,391,NA
082218_Uvasichi_454,EC,3b1y,0,Y,5,2y6b,391,NA
082218_Uvasichi_455,EC,3b1y,2,B,14,9b7y,392,NA
082218_Uvasichi_455,EC,3b1y,2,B,7,1b3y,392,NA
082218_Uvasichi_455,EC,3b1y,2,B,8,2b6y,392,NA
082218_Uvasichi_455,EC,3b1y,2,B,15,10b6y,392,NA
082218_Uvasichi_455,EC,3b1y,2,B,2,3b5y,392,NA
082218_Uvasichi_455,EC,3b1y,2,B,3,7b9y,392,NA
082218_Uvasichi_455,EC,3b1y,2,B,1,1b3y,392,NA
082218_Uvasichi_455,EC,3b1y,2,B,4,0b4y,392,NA
082218_Uvasichi_455,EC,3b1y,2,B,9,3b13y,392,NA
082218_Uvasichi_455,EC,3b1y,2,B,6,6b10y,392,NA
082218_Uvasichi_455,EC,3b1y,2,B,11,2b14y,392,NA
082218_Uvasichi_455,EC,3b1y,2,B,13,9b7y,392,NA
082218_Uvasichi_455,EC,3b1y,2,B,5,2b6y,392,NA
082218_Uvasichi_455,EC,3b1y,2,B,12,2b6y,392,NA
082218_Uvasichi_455,EC,3b1y,2,B,10,0b8y,392,NA
082218_Uvasichi_456,EC,3b1y,0,Y,7,1y3b,393,NA
082218_Uvasichi_456,EC,3b1y,0,Y,8,2y6b,393,NA
082218_Uvasichi_456,EC,3b1y,0,Y,14,9y7b,393,NA
082218_Uvasichi_456,EC,3b1y,0,Y,13,6y10b,393,NA
082218_Uvasichi_456,EC,3b1y,0,Y,4,2y2b,393,NA
082218_Uvasichi_456,EC,3b1y,0,Y,10,2y6b,393,NA
082218_Uvasichi_456,EC,3b1y,0,Y,3,7y9b,393,NA
082218_Uvasichi_456,EC,3b1y,0,Y,2,4y4b,393,NA
082218_Uvasichi_456,EC,3b1y,0,Y,12,3y5b,393,NA
082218_Uvasichi_456,EC,3b1y,0,Y,6,8y8b,393,NA
082218_Uvasichi_456,EC,3b1y,0,Y,11,2y14b,393,NA
082218_Uvasichi_456,EC,3b1y,0,Y,1,1y3b,393,NA
082218_Uvasichi_456,EC,3b1y,0,Y,15,5y11b,393,NA
082218_Uvasichi_456,EC,3b1y,0,Y,5,2y6b,393,NA
082218_Uvasichi_456,EC,3b1y,0,Y,9,3y13b,393,NA
082218_Uvasichi_457,EC,3b3y,4,B,5,4b4y,394,NA
082218_Uvasichi_457,EC,3b3y,4,B,8,2b6y,394,NA
082218_Uvasichi_457,EC,3b3y,4,B,4,2b2y,394,NA
082218_Uvasichi_457,EC,3b3y,4,B,2,3b5y,394,NA
082218_Uvasichi_457,EC,3b3y,4,B,11,2b14y,394,NA
082218_Uvasichi_457,EC,3b3y,4,B,9,3b13y,394,NA
082218_Uvasichi_457,EC,3b3y,4,B,3,7b9y,394,NA
082218_Uvasichi_457,EC,3b3y,4,B,7,1b3y,394,NA
082218_Uvasichi_457,EC,3b3y,4,B,14,9b7y,394,NA
082218_Uvasichi_457,EC,3b3y,4,B,15,10b6y,394,NA
082218_Uvasichi_457,EC,3b3y,4,B,13,9b7y,394,NA
082218_Uvasichi_457,EC,3b3y,4,B,1,2b2y,394,NA
082218_Uvasichi_457,EC,3b3y,4,B,10,2b6y,394,NA
082218_Uvasichi_457,EC,3b3y,4,B,12,3b5y,394,NA
082218_Uvasichi_457,EC,3b3y,4,B,6,8b8y,394,NA
082218_Uvasichi_458,EC,3b3y,1,Y,12,2y6b,395,NA
082218_Uvasichi_458,EC,3b3y,1,Y,2,3y5b,395,NA
082218_Uvasichi_458,EC,3b3y,1,Y,4,2y2b,395,NA
082218_Uvasichi_458,EC,3b3y,1,Y,11,4y12b,395,NA
082218_Uvasichi_458,EC,3b3y,1,Y,8,2y6b,395,NA
082218_Uvasichi_458,EC,3b3y,1,Y,5,4y4b,395,NA
082218_Uvasichi_458,EC,3b3y,1,Y,6,6y10b,395,NA
082218_Uvasichi_458,EC,3b3y,1,Y,1,1y3b,395,NA
082218_Uvasichi_458,EC,3b3y,1,Y,10,2y6b,395,NA
082218_Uvasichi_458,EC,3b3y,1,Y,7,1y3b,395,NA
082218_Uvasichi_458,EC,3b3y,1,Y,14,9y7b,395,NA
082218_Uvasichi_458,EC,3b3y,1,Y,3,7y9b,395,NA
082218_Uvasichi_458,EC,3b3y,1,Y,9,4y12b,395,NA
082218_Uvasichi_458,EC,3b3y,1,Y,13,6y10b,395,NA
082218_Uvasichi_458,EC,3b3y,1,Y,15,5y11b,395,NA
082218_Uvasichi_459,EC,3b3y,1,B,9,3b13y,396,NA
082218_Uvasichi_459,EC,3b3y,1,B,12,3b5y,396,NA
082218_Uvasichi_459,EC,3b3y,1,B,5,2b6y,396,NA
082218_Uvasichi_459,EC,3b3y,1,B,11,2b14y,396,NA
082218_Uvasichi_459,EC,3b3y,1,B,14,2b14y,396,NA
082218_Uvasichi_459,EC,3b3y,1,B,7,0b4y,396,NA
082218_Uvasichi_459,EC,3b3y,1,B,10,2b6y,396,NA
082218_Uvasichi_459,EC,3b3y,1,B,15,5b11y,396,NA
082218_Uvasichi_459,EC,3b3y,1,B,3,7b9y,396,NA
082218_Uvasichi_459,EC,3b3y,1,B,1,1b3y,396,NA
082218_Uvasichi_459,EC,3b3y,1,B,2,4b4y,396,NA
082218_Uvasichi_459,EC,3b3y,1,B,13,6b10y,396,NA
082218_Uvasichi_459,EC,3b3y,1,B,4,2b2y,396,NA
082218_Uvasichi_459,EC,3b3y,1,B,8,2b6y,396,NA
082218_Uvasichi_459,EC,3b3y,1,B,6,8b8y,396,NA
082218_Uvasichi_460,EC,1b3y,0,Y,5,4y4b,397,NA
082218_Uvasichi_460,EC,1b3y,0,Y,11,4y12b,397,NA
082218_Uvasichi_460,EC,1b3y,0,Y,12,3y5b,397,NA
082218_Uvasichi_460,EC,1b3y,0,Y,7,1y3b,397,NA
082218_Uvasichi_460,EC,1b3y,0,Y,10,2y6b,397,NA
082218_Uvasichi_460,EC,1b3y,0,Y,15,5y11b,397,NA
082218_Uvasichi_460,EC,1b3y,0,Y,14,9y7b,397,NA
082218_Uvasichi_460,EC,1b3y,0,Y,4,2y2b,397,NA
082218_Uvasichi_460,EC,1b3y,0,Y,13,9y7b,397,NA
082218_Uvasichi_460,EC,1b3y,0,Y,2,4y4b,397,NA
082218_Uvasichi_460,EC,1b3y,0,Y,1,2y2b,397,NA
082218_Uvasichi_460,EC,1b3y,0,Y,6,8y8b,397,NA
082218_Uvasichi_460,EC,1b3y,0,Y,9,3y13b,397,NA
082218_Uvasichi_460,EC,1b3y,0,Y,3,7y9b,397,NA
082218_Uvasichi_460,EC,1b3y,0,Y,8,2y6b,397,NA
082218_Uvasichi_461,EC,3b1y,0,B,10,2b6y,398,NA
082218_Uvasichi_461,EC,3b1y,0,B,1,1b3y,398,NA
082218_Uvasichi_461,EC,3b1y,0,B,15,10b6y,398,NA
082218_Uvasichi_461,EC,3b1y,0,B,6,6b10y,398,NA
082218_Uvasichi_461,EC,3b1y,0,B,4,2b2y,398,NA
082218_Uvasichi_461,EC,3b1y,0,B,13,6b10y,398,NA
082218_Uvasichi_461,EC,3b1y,0,B,9,4b12y,398,NA
082218_Uvasichi_461,EC,3b1y,0,B,14,9b7y,398,NA
082218_Uvasichi_461,EC,3b1y,0,B,12,3b5y,398,NA
082218_Uvasichi_461,EC,3b1y,0,B,2,3b5y,398,NA
082218_Uvasichi_461,EC,3b1y,0,B,8,2b6y,398,NA
082218_Uvasichi_461,EC,3b1y,0,B,7,1b3y,398,NA
082218_Uvasichi_461,EC,3b1y,0,B,3,7b9y,398,NA
082218_Uvasichi_461,EC,3b1y,0,B,5,2b6y,398,NA
082218_Uvasichi_461,EC,3b1y,0,B,11,4b12y,398,NA
082218_Uvasichi_462,EC,3b1y,0,Y,7,0y4b,399,NA
082218_Uvasichi_462,EC,3b1y,0,Y,12,3y5b,399,NA
082218_Uvasichi_462,EC,3b1y,0,Y,11,2y14b,399,NA
082218_Uvasichi_462,EC,3b1y,0,Y,8,1y7b,399,NA
082218_Uvasichi_462,EC,3b1y,0,Y,15,5y11b,399,NA
082218_Uvasichi_462,EC,3b1y,0,Y,3,7y9b,399,NA
082218_Uvasichi_462,EC,3b1y,0,Y,2,3y5b,399,NA
082218_Uvasichi_462,EC,3b1y,0,Y,13,6y10b,399,NA
082218_Uvasichi_462,EC,3b1y,0,Y,9,3y13b,399,NA
082218_Uvasichi_462,EC,3b1y,0,Y,1,1y3b,399,NA
082218_Uvasichi_462,EC,3b1y,0,Y,6,6y10b,399,NA
082218_Uvasichi_462,EC,3b1y,0,Y,10,0y8b,399,NA
082218_Uvasichi_462,EC,3b1y,0,Y,5,2y6b,399,NA
082218_Uvasichi_462,EC,3b1y,0,Y,4,0y4b,399,NA
082218_Uvasichi_462,EC,3b1y,0,Y,14,2y14b,399,NA
082218_Uvasichi_463,P,NA,0,B,10,2b6y,400,NA
082218_Uvasichi_463,P,NA,0,B,9,4b12y,400,NA
082218_Uvasichi_463,P,NA,0,B,5,2b6y,400,NA
082218_Uvasichi_463,P,NA,0,B,2,3b5y,400,NA
082218_Uvasichi_463,P,NA,0,B,11,4b12y,400,NA
082218_Uvasichi_463,P,NA,0,B,4,2b2y,400,NA
082218_Uvasichi_463,P,NA,0,B,13,6b10y,400,NA
082218_Uvasichi_463,P,NA,0,B,1,2b2y,400,NA
082218_Uvasichi_463,P,NA,0,B,14,2b14y,400,NA
082218_Uvasichi_463,P,NA,0,B,7,0b4y,400,NA
082218_Uvasichi_463,P,NA,0,B,15,10b6y,400,NA
082218_Uvasichi_463,P,NA,0,B,12,2b6y,400,NA
082218_Uvasichi_463,P,NA,0,B,3,7b9y,400,NA
082218_Uvasichi_463,P,NA,0,B,8,1b7y,400,NA
082218_Uvasichi_463,P,NA,0,B,6,8b8y,400,NA
082218_Uvasichi_465,P,NA,0,Y,8,1y7b,402,NA
082218_Uvasichi_465,P,NA,0,Y,1,1y3b,402,NA
082218_Uvasichi_465,P,NA,0,Y,9,4y12b,402,NA
082218_Uvasichi_465,P,NA,0,Y,6,8y8b,402,NA
082218_Uvasichi_465,P,NA,0,Y,12,3y5b,402,NA
082218_Uvasichi_465,P,NA,0,Y,14,9y7b,402,NA
082218_Uvasichi_465,P,NA,0,Y,15,5y11b,402,NA
082218_Uvasichi_465,P,NA,0,Y,13,6y10b,402,NA
082218_Uvasichi_465,P,NA,0,Y,4,2y2b,402,NA
082218_Uvasichi_465,P,NA,0,Y,2,4y4b,402,NA
082218_Uvasichi_465,P,NA,0,Y,10,2y6b,402,NA
082218_Uvasichi_465,P,NA,0,Y,3,7y9b,402,NA
082218_Uvasichi_465,P,NA,0,Y,5,4y4b,402,NA
082218_Uvasichi_465,P,NA,0,Y,7,1y3b,402,NA
082218_Uvasichi_465,P,NA,0,Y,11,4y12b,402,NA
082218_Uvasichi_466,P,NA,2,B,3,7b9y,403,Started recording late
082218_Uvasichi_466,P,NA,2,B,8,2b6y,403,Started recording late
082218_Uvasichi_466,P,NA,2,B,11,2b14y,403,Started recording late
082218_Uvasichi_466,P,NA,2,B,4,0b4y,403,Started recording late
082218_Uvasichi_466,P,NA,2,B,6,8b8y,403,Started recording late
082218_Uvasichi_466,P,NA,2,B,15,5b11y,403,Started recording late
082218_Uvasichi_466,P,NA,2,B,10,2b6y,403,Started recording late
082218_Uvasichi_466,P,NA,2,B,14,9b7y,403,Started recording late
082218_Uvasichi_466,P,NA,2,B,12,3b5y,403,Started recording late
082218_Uvasichi_466,P,NA,2,B,13,6b10y,403,Started recording late
082218_Uvasichi_466,P,NA,2,B,5,2b6y,403,Started recording late
082218_Uvasichi_466,P,NA,2,B,1,1b3y,403,Started recording late
082218_Uvasichi_466,P,NA,2,B,7,1b3y,403,Started recording late
082218_Uvasichi_466,P,NA,2,B,9,4b12y,403,Started recording late
082218_Uvasichi_466,P,NA,2,B,2,4b4y,403,Started recording late
082218_Uvasichi_467,P,NA,1,Y,2,4y4b,404,NA
082218_Uvasichi_467,P,NA,1,Y,8,2y6b,404,NA
082218_Uvasichi_467,P,NA,1,Y,14,9y7b,404,NA
082218_Uvasichi_467,P,NA,1,Y,4,2y2b,404,NA
082218_Uvasichi_467,P,NA,1,Y,5,4y4b,404,NA
082218_Uvasichi_467,P,NA,1,Y,9,3y13b,404,NA
082218_Uvasichi_467,P,NA,1,Y,6,8y8b,404,NA
082218_Uvasichi_467,P,NA,1,Y,13,6y10b,404,NA
082218_Uvasichi_467,P,NA,1,Y,3,7y9b,404,NA
082218_Uvasichi_467,P,NA,1,Y,15,5y11b,404,NA
082218_Uvasichi_467,P,NA,1,Y,7,1y3b,404,NA
082218_Uvasichi_467,P,NA,1,Y,10,2y6b,404,NA
082218_Uvasichi_467,P,NA,1,Y,1,2y2b,404,NA
082218_Uvasichi_467,P,NA,1,Y,12,3y5b,404,NA
082218_Uvasichi_467,P,NA,1,Y,11,4y12b,404,NA
082318_PuertoMendez_469,P,NA,0,B,3,7b9y,406,NA
082318_PuertoMendez_469,P,NA,0,B,15,5b11y,406,NA
082318_PuertoMendez_469,P,NA,0,B,8,1b7y,406,NA
082318_PuertoMendez_469,P,NA,0,B,6,6b10y,406,NA
082318_PuertoMendez_469,P,NA,0,B,1,1b3y,406,NA
082318_PuertoMendez_469,P,NA,0,B,10,2b6y,406,NA
082318_PuertoMendez_469,P,NA,0,B,7,1b3y,406,NA
082318_PuertoMendez_469,P,NA,0,B,12,3b5y,406,NA
082318_PuertoMendez_469,P,NA,0,B,11,4b12y,406,NA
082318_PuertoMendez_469,P,NA,0,B,5,4b4y,406,NA
082318_PuertoMendez_469,P,NA,0,B,13,6b10y,406,NA
082318_PuertoMendez_469,P,NA,0,B,2,3b5y,406,NA
082318_PuertoMendez_469,P,NA,0,B,14,2b14y,406,NA
082318_PuertoMendez_469,P,NA,0,B,4,0b4y,406,NA
082318_PuertoMendez_469,P,NA,0,B,9,4b12y,406,NA
082318_PuertoMendez_470,P,NA,2,Y,11,4y12b,407,NA
082318_PuertoMendez_470,P,NA,2,Y,12,3y5b,407,NA
082318_PuertoMendez_470,P,NA,2,Y,6,6y10b,407,NA
082318_PuertoMendez_470,P,NA,2,Y,8,2y6b,407,NA
082318_PuertoMendez_470,P,NA,2,Y,5,4y4b,407,NA
082318_PuertoMendez_470,P,NA,2,Y,7,0y4b,407,NA
082318_PuertoMendez_470,P,NA,2,Y,1,1y3b,407,NA
082318_PuertoMendez_470,P,NA,2,Y,15,10y6b,407,NA
082318_PuertoMendez_470,P,NA,2,Y,3,7y9b,407,NA
082318_PuertoMendez_470,P,NA,2,Y,10,2y6b,407,NA
082318_PuertoMendez_470,P,NA,2,Y,13,9y7b,407,NA
082318_PuertoMendez_470,P,NA,2,Y,9,3y13b,407,NA
082318_PuertoMendez_470,P,NA,2,Y,4,2y2b,407,NA
082318_PuertoMendez_470,P,NA,2,Y,2,3y5b,407,NA
082318_PuertoMendez_470,P,NA,2,Y,14,9y7b,407,NA
082318_PuertoMendez_472,P,NA,1,B,14,9b7y,409,NA
082318_PuertoMendez_472,P,NA,1,B,6,8b8y,409,NA
082318_PuertoMendez_472,P,NA,1,B,11,4b12y,409,NA
082318_PuertoMendez_472,P,NA,1,B,2,4b4y,409,NA
082318_PuertoMendez_472,P,NA,1,B,13,6b10y,409,NA
082318_PuertoMendez_472,P,NA,1,B,3,7b9y,409,NA
082318_PuertoMendez_472,P,NA,1,B,9,3b13y,409,NA
082318_PuertoMendez_472,P,NA,1,B,4,2b2y,409,NA
082318_PuertoMendez_472,P,NA,1,B,12,3b5y,409,NA
082318_PuertoMendez_472,P,NA,1,B,10,2b6y,409,NA
082318_PuertoMendez_472,P,NA,1,B,15,5b11y,409,NA
082318_PuertoMendez_472,P,NA,1,B,7,1b3y,409,NA
082318_PuertoMendez_472,P,NA,1,B,8,2b6y,409,NA
082318_PuertoMendez_472,P,NA,1,B,1,2b2y,409,NA
082318_PuertoMendez_472,P,NA,1,B,5,4b4y,409,NA
082318_PuertoMendez_473,P,NA,0,Y,9,3y13b,410,Answered before card was down
082318_PuertoMendez_473,P,NA,0,Y,7,0y4b,410,Answered before card was down
082318_PuertoMendez_473,P,NA,0,Y,5,2y6b,410,Answered before card was down
082318_PuertoMendez_473,P,NA,0,Y,14,2y14b,410,Answered before card was down
082318_PuertoMendez_473,P,NA,0,Y,1,1y3b,410,Answered before card was down
082318_PuertoMendez_473,P,NA,0,Y,3,7y9b,410,Answered before card was down
082318_PuertoMendez_473,P,NA,0,Y,13,6y10b,410,Answered before card was down
082318_PuertoMendez_473,P,NA,0,Y,8,1y7b,410,Answered before card was down
082318_PuertoMendez_473,P,NA,0,Y,12,2y6b,410,Answered before card was down
082318_PuertoMendez_473,P,NA,0,Y,15,5y11b,410,Answered before card was down
082318_PuertoMendez_473,P,NA,0,Y,2,3y5b,410,Answered before card was down
082318_PuertoMendez_473,P,NA,0,Y,6,6y10b,410,Answered before card was down
082318_PuertoMendez_473,P,NA,0,Y,11,2y14b,410,Answered before card was down
082318_PuertoMendez_473,P,NA,0,Y,10,0y8b,410,Answered before card was down
082318_PuertoMendez_473,P,NA,0,Y,4,0y4b,410,Answered before card was down
082318_PuertoMendez_474,P,NA,4,B,11,4b12y,411,NA
082318_PuertoMendez_474,P,NA,4,B,5,4b4y,411,NA
082318_PuertoMendez_474,P,NA,4,B,3,7b9y,411,NA
082318_PuertoMendez_474,P,NA,4,B,2,3b5y,411,NA
082318_PuertoMendez_474,P,NA,4,B,14,9b7y,411,NA
082318_PuertoMendez_474,P,NA,4,B,7,1b3y,411,NA
082318_PuertoMendez_474,P,NA,4,B,10,2b6y,411,NA
082318_PuertoMendez_474,P,NA,4,B,8,2b6y,411,NA
082318_PuertoMendez_474,P,NA,4,B,15,10b6y,411,NA
082318_PuertoMendez_474,P,NA,4,B,1,2b2y,411,NA
082318_PuertoMendez_474,P,NA,4,B,4,2b2y,411,NA
082318_PuertoMendez_474,P,NA,4,B,13,9b7y,411,NA
082318_PuertoMendez_474,P,NA,4,B,9,4b12y,411,NA
082318_PuertoMendez_474,P,NA,4,B,6,8b8y,411,NA
082318_PuertoMendez_474,P,NA,4,B,12,3b5y,411,NA
082318_PuertoMendez_475,P,NA,2,Y,12,3y5b,412,Always picked right
082318_PuertoMendez_475,P,NA,2,Y,7,0y4b,412,Always picked right
082318_PuertoMendez_475,P,NA,2,Y,10,2y6b,412,Always picked right
082318_PuertoMendez_475,P,NA,2,Y,6,8y8b,412,Always picked right
082318_PuertoMendez_475,P,NA,2,Y,1,1y3b,412,Always picked right
082318_PuertoMendez_475,P,NA,2,Y,11,2y14b,412,Always picked right
082318_PuertoMendez_475,P,NA,2,Y,14,9y7b,412,Always picked right
082318_PuertoMendez_475,P,NA,2,Y,3,7y9b,412,Always picked right
082318_PuertoMendez_475,P,NA,2,Y,8,2y6b,412,Always picked right
082318_PuertoMendez_475,P,NA,2,Y,9,3y13b,412,Always picked right
082318_PuertoMendez_475,P,NA,2,Y,2,4y4b,412,Always picked right
082318_PuertoMendez_475,P,NA,2,Y,4,2y2b,412,Always picked right
082318_PuertoMendez_475,P,NA,2,Y,5,2y6b,412,Always picked right
082318_PuertoMendez_475,P,NA,2,Y,13,6y10b,412,Always picked right
082318_PuertoMendez_475,P,NA,2,Y,15,5y11b,412,Always picked right
082318_PuertoMendez_476,P,NA,0,Y,4,2y2b,414,NA
082318_PuertoMendez_476,P,NA,0,Y,2,4y4b,414,NA
082318_PuertoMendez_476,P,NA,0,Y,3,8y8b,414,NA
082318_PuertoMendez_476,P,NA,0,Y,13,9y7b,414,NA
082318_PuertoMendez_476,P,NA,0,Y,9,3y13b,414,NA
082318_PuertoMendez_476,P,NA,0,Y,6,8y8b,414,NA
082318_PuertoMendez_476,P,NA,0,Y,1,2y2b,414,NA
082318_PuertoMendez_476,P,NA,0,Y,5,4y4b,414,NA
082318_PuertoMendez_476,P,NA,0,Y,14,9y7b,414,NA
082318_PuertoMendez_476,P,NA,0,Y,15,10y6b,414,NA
082318_PuertoMendez_476,P,NA,0,Y,7,0y4b,414,NA
082318_PuertoMendez_476,P,NA,0,Y,8,1y7b,414,NA
082318_PuertoMendez_476,P,NA,0,Y,12,3y5b,414,NA
082318_PuertoMendez_476,P,NA,0,Y,11,2y14b,414,NA
082318_PuertoMendez_476,P,NA,0,Y,10,0y8b,414,NA
082318_PuertoMendez_477,P,NA,3,B,6,8b8y,413,NA
082318_PuertoMendez_477,P,NA,3,B,2,4b4y,413,NA
082318_PuertoMendez_477,P,NA,3,B,7,1b3y,413,NA
082318_PuertoMendez_477,P,NA,3,B,11,2b14y,413,NA
082318_PuertoMendez_477,P,NA,3,B,10,2b6y,413,NA
082318_PuertoMendez_477,P,NA,3,B,5,4b4y,413,NA
082318_PuertoMendez_477,P,NA,3,B,4,2b2y,413,NA
082318_PuertoMendez_477,P,NA,3,B,1,2b2y,413,NA
082318_PuertoMendez_477,P,NA,3,B,15,5b11y,413,NA
082318_PuertoMendez_477,P,NA,3,B,8,1b7y,413,NA
082318_PuertoMendez_477,P,NA,3,B,3,7b9y,413,NA
082318_PuertoMendez_477,P,NA,3,B,14,2b14y,413,NA
082318_PuertoMendez_477,P,NA,3,B,13,9b7y,413,NA
082318_PuertoMendez_477,P,NA,3,B,12,3b5y,413,NA
082318_PuertoMendez_477,P,NA,3,B,9,3b13y,413,NA